created_at,target_pm2_5
2025-03-05 06:00:00+00:00,36.30571224719101
2025-03-05 07:00:00+00:00,36.45424306818182
2025-03-05 08:00:00+00:00,36.926735028248586
2025-03-05 09:00:00+00:00,36.88563215909091
2025-03-05 10:00:00+00:00,36.72831073446328
2025-03-05 11:00:00+00:00,35.44374451977401
2025-03-05 12:00:00+00:00,34.20841921787709
2025-03-05 13:00:00+00:00,32.768712528735634
2025-03-05 14:00:00+00:00,30.549507166666668
2025-03-05 15:00:00+00:00,30.276574581005587
2025-03-05 16:00:00+00:00,29.255501620111733
2025-03-05 17:00:00+00:00,28.04343738888889
2025-03-05 18:00:00+00:00,27.847438324022345
2025-03-05 19:00:00+00:00,29.134685611111117
2025-03-05 20:00:00+00:00,28.57056718232044
2025-03-05 21:00:00+00:00,28.051539388888887
2025-03-05 22:00:00+00:00,28.307780893854748
2025-03-05 23:00:00+00:00,26.006689833333333
2025-03-06 00:00:00+00:00,26.5029515
2025-03-06 01:00:00+00:00,29.24963553072626
2025-03-06 02:00:00+00:00,30.16133976744186
2025-03-06 03:00:00+00:00,31.764702109375
2025-03-06 04:00:00+00:00,33.19181810126582
2025-03-06 05:00:00+00:00,34.66833013071895
2025-03-06 06:00:00+00:00,35.62445639455782
2025-03-06 07:00:00+00:00,36.06612206060606
2025-03-06 08:00:00+00:00,36.417738774193545
2025-03-06 09:00:00+00:00,36.85266704142012
2025-03-06 10:00:00+00:00,35.48706386503068
2025-03-06 11:00:00+00:00,34.19426011428572
2025-03-06 12:00:00+00:00,32.240193522727274
2025-03-06 13:00:00+00:00,30.2894899408284
2025-03-06 14:00:00+00:00,29.239953207547167
2025-03-06 15:00:00+00:00,27.981992950819677
2025-03-06 16:00:00+00:00,26.732456231884058
2025-03-06 17:00:00+00:00,26.05299923076923
2025-03-06 18:00:00+00:00,25.66031023809524
2025-03-06 19:00:00+00:00,24.6777272
2025-03-06 20:00:00+00:00,24.59509055555556
2025-03-06 21:00:00+00:00,23.699856666666665
2025-03-06 22:00:00+00:00,23.1703175
2025-03-06 23:00:00+00:00,21.76113
2025-03-07 00:00:00+00:00,27.73943653846154
2025-03-07 01:00:00+00:00,26.738381264367813
2025-03-07 02:00:00+00:00,28.92493355555556
2025-03-07 03:00:00+00:00,31.95098172413793
2025-03-07 04:00:00+00:00,33.13485128654971
2025-03-07 05:00:00+00:00,34.77887039215686
2025-03-07 06:00:00+00:00,35.65832721854304
2025-03-07 07:00:00+00:00,37.00643663157895
2025-03-07 08:00:00+00:00,37.63968796511628
2025-03-07 09:00:00+00:00,37.70892363636364
2025-03-07 10:00:00+00:00,37.1926772
2025-03-07 11:00:00+00:00,35.98353247191011
2025-03-07 12:00:00+00:00,34.440927611111114
2025-03-07 13:00:00+00:00,33.34594388888889
2025-03-07 14:00:00+00:00,32.393923
2025-03-07 15:00:00+00:00,31.276300166666665
2025-03-07 16:00:00+00:00,30.57811441340782
2025-03-07 17:00:00+00:00,30.02013255555556
2025-03-07 18:00:00+00:00,29.344467039106146
2025-03-07 19:00:00+00:00,28.8128565
2025-03-07 20:00:00+00:00,28.218432611111112
2025-03-07 21:00:00+00:00,27.508130722222223
2025-03-07 22:00:00+00:00,26.916882277777777
2025-03-07 23:00:00+00:00,26.537094333333336
2025-03-08 00:00:00+00:00,26.800038166666667
2025-03-08 01:00:00+00:00,28.13846372222222
2025-03-08 02:00:00+00:00,29.371629529411766
2025-03-08 03:00:00+00:00,32.58222914285714
2025-03-08 04:00:00+00:00,34.18899888888889
2025-03-08 05:00:00+00:00,35.63624153846154
2025-03-08 06:00:00+00:00,36.7830595522388
2025-03-08 07:00:00+00:00,37.6077097368421
2025-03-08 08:00:00+00:00,38.05797455445545
2025-03-08 09:00:00+00:00,38.25963054347826
2025-03-08 10:00:00+00:00,37.82750453781512
2025-03-08 11:00:00+00:00,36.79425021276596
2025-03-08 12:00:00+00:00,35.3988454054054
2025-03-08 13:00:00+00:00,34.535948608695655
2025-03-08 14:00:00+00:00,33.67984160377358
2025-03-08 15:00:00+00:00,32.68872050632911
2025-03-08 16:00:00+00:00,32.02727793814433
2025-03-08 17:00:00+00:00,31.18829014492754
2025-03-08 18:00:00+00:00,30.43001793103448
2025-03-08 19:00:00+00:00,29.92501
2025-03-08 20:00:00+00:00,29.484039512195125
2025-03-08 21:00:00+00:00,29.212690666666667
2025-03-08 22:00:00+00:00,28.832291948051942
2025-03-08 23:00:00+00:00,28.523403953488373
2025-03-09 00:00:00+00:00,28.288866410256407
2025-03-09 01:00:00+00:00,29.5202625
2025-03-09 02:00:00+00:00,30.917445945945943
2025-03-09 03:00:00+00:00,32.65886401459854
2025-03-09 04:00:00+00:00,34.43113439490446
2025-03-09 05:00:00+00:00,36.05572660493827
2025-03-09 06:00:00+00:00,37.09101877300613
2025-03-09 07:00:00+00:00,37.766013173652695
2025-03-09 08:00:00+00:00,38.16029088050315
2025-03-09 09:00:00+00:00,38.06087717105263
2025-03-09 10:00:00+00:00,37.43412741258741
2025-03-09 11:00:00+00:00,36.10371341772152
2025-03-09 12:00:00+00:00,35.19397950819672
2025-03-09 13:00:00+00:00,34.30502613636364
2025-03-09 14:00:00+00:00,33.76328503816794
2025-03-09 15:00:00+00:00,33.330903457943926
2025-03-09 16:00:00+00:00,32.72974588785046
2025-03-09 17:00:00+00:00,32.22082730769231
2025-03-09 18:00:00+00:00,31.69254862745098
2025-03-09 19:00:00+00:00,31.054145410958903
2025-03-09 20:00:00+00:00,30.42563856060606
2025-03-09 21:00:00+00:00,30.098436022727277
2025-03-09 22:00:00+00:00,29.638666285714287
2025-03-09 23:00:00+00:00,29.278901272727275
2025-03-10 00:00:00+00:00,29.16772382608696
2025-03-10 01:00:00+00:00,29.403670123456788
2025-03-10 02:00:00+00:00,29.65721326923077
2025-03-10 03:00:00+00:00,31.626601818181825
2025-03-10 04:00:00+00:00,32.952936774193546
2025-03-10 05:00:00+00:00,34.139969787234044
2025-03-10 06:00:00+00:00,35.21258375
2025-03-10 07:00:00+00:00,36.1312947311828
2025-03-10 08:00:00+00:00,36.64526712
2025-03-10 09:00:00+00:00,36.55650880434782
2025-03-10 10:00:00+00:00,36.22683486956522
2025-03-10 11:00:00+00:00,35.307113379310344
2025-03-10 12:00:00+00:00,34.31847015151515
2025-03-10 13:00:00+00:00,33.671936478873235
2025-03-10 14:00:00+00:00,33.14055653846154
2025-03-10 15:00:00+00:00,32.62462518248175
2025-03-10 16:00:00+00:00,32.248756875
2025-03-10 17:00:00+00:00,31.83943328571429
2025-03-10 18:00:00+00:00,31.715963300970877
2025-03-10 19:00:00+00:00,31.077234736842104
2025-03-10 20:00:00+00:00,30.57498023255814
2025-03-10 21:00:00+00:00,30.43826559055118
2025-03-10 22:00:00+00:00,30.093035982142855
2025-03-10 23:00:00+00:00,29.573482542372883
2025-03-11 00:00:00+00:00,29.186106400000003
2025-03-11 01:00:00+00:00,30.113029449541283
2025-03-11 02:00:00+00:00,31.23120033707865
2025-03-11 03:00:00+00:00,33.03954604166667
2025-03-11 04:00:00+00:00,34.17140378378379
2025-03-11 05:00:00+00:00,35.47692218181818
2025-03-11 06:00:00+00:00,36.5207597826087
2025-03-11 07:00:00+00:00,37.3442264
2025-03-11 08:00:00+00:00,37.29726768115942
2025-03-11 09:00:00+00:00,37.35438527777777
2025-03-11 10:00:00+00:00,36.74046677419355
2025-03-11 11:00:00+00:00,36.135422972972975
2025-03-11 12:00:00+00:00,35.2004918
2025-03-11 13:00:00+00:00,34.32442116071429
2025-03-11 14:00:00+00:00,33.42970395061728
2025-03-11 15:00:00+00:00,32.633665963302754
2025-03-11 16:00:00+00:00,32.00387549019608
2025-03-11 17:00:00+00:00,31.470515315315318
2025-03-11 18:00:00+00:00,30.891925078125
2025-03-11 19:00:00+00:00,30.613277741935484
2025-03-11 20:00:00+00:00,30.410991339285715
2025-03-11 21:00:00+00:00,29.97135971428571
2025-03-11 22:00:00+00:00,28.91006583333333
2025-03-11 23:00:00+00:00,28.57033568181818
2025-03-12 00:00:00+00:00,28.334686
2025-03-12 01:00:00+00:00,30.002993653846158
2025-03-12 02:00:00+00:00,30.89073783783784
2025-03-12 03:00:00+00:00,33.6607
2025-03-12 04:00:00+00:00,34.845053166666666
2025-03-12 05:00:00+00:00,36.46123071428571
2025-03-12 06:00:00+00:00,37.7720737037037
2025-03-12 07:00:00+00:00,38.5138016
2025-03-12 08:00:00+00:00,38.935199818181815
2025-03-12 09:00:00+00:00,38.9161471875
2025-03-12 10:00:00+00:00,38.635520697674416
2025-03-12 11:00:00+00:00,37.32966407407408
2025-03-12 12:00:00+00:00,36.10680641509434
2025-03-12 13:00:00+00:00,35.10634402777778
2025-03-12 14:00:00+00:00,34.42979704545455
2025-03-12 15:00:00+00:00,33.99837573170732
2025-03-12 16:00:00+00:00,32.642531369863015
2025-03-12 17:00:00+00:00,32.211575952380954
2025-03-12 18:00:00+00:00,31.75480574712644
2025-03-12 19:00:00+00:00,31.25105923913044
2025-03-12 20:00:00+00:00,30.693330434782613
2025-03-12 21:00:00+00:00,30.356903928571427
2025-03-12 22:00:00+00:00,30.235069841269844
2025-03-12 23:00:00+00:00,29.773189565217397
2025-03-13 00:00:00+00:00,29.610164029850747
2025-03-13 01:00:00+00:00,30.655756623376625
2025-03-13 02:00:00+00:00,31.892894166666668
2025-03-13 03:00:00+00:00,34.04598
2025-03-13 09:00:00+00:00,39.029821212121206
2025-03-13 10:00:00+00:00,38.8102512745098
2025-03-13 11:00:00+00:00,37.78810578512397
2025-03-13 12:00:00+00:00,36.66327198275862
2025-03-13 13:00:00+00:00,36.00959886363637
2025-03-13 14:00:00+00:00,35.735838288288285
2025-03-13 15:00:00+00:00,34.97492176470588
2025-03-13 16:00:00+00:00,34.173562375
2025-03-13 17:00:00+00:00,33.86837867346939
2025-03-13 18:00:00+00:00,33.45973279661017
2025-03-13 19:00:00+00:00,33.199941875
2025-03-13 20:00:00+00:00,32.56786603773585
2025-03-13 21:00:00+00:00,31.927851375
2025-03-13 22:00:00+00:00,31.605346666666662
2025-03-13 23:00:00+00:00,30.91166336956522
2025-03-14 00:00:00+00:00,31.009046666666663
2025-03-14 01:00:00+00:00,31.799828955223884
2025-03-14 02:00:00+00:00,33.272925188679245
2025-03-14 03:00:00+00:00,34.68394833333333
2025-03-14 04:00:00+00:00,36.68768148148149
2025-03-14 05:00:00+00:00,37.90155
2025-03-14 06:00:00+00:00,38.94977577586207
2025-03-14 07:00:00+00:00,39.78769087837838
2025-03-14 08:00:00+00:00,40.10722711267606
2025-03-14 09:00:00+00:00,40.17209916083916
2025-03-14 10:00:00+00:00,39.633107210884354
2025-03-14 11:00:00+00:00,38.66380606896551
2025-03-14 12:00:00+00:00,37.76173476821192
2025-03-14 13:00:00+00:00,36.7891424590164
2025-03-14 14:00:00+00:00,36.075258181818185
2025-03-14 15:00:00+00:00,35.67075178807947
2025-03-14 16:00:00+00:00,35.40778507246377
2025-03-14 17:00:00+00:00,35.032002300884955
2025-03-14 18:00:00+00:00,34.03772619047619
2025-03-14 19:00:00+00:00,33.634438160919544
2025-03-14 20:00:00+00:00,32.95491156862745
2025-03-14 21:00:00+00:00,32.33817638554217
2025-03-14 22:00:00+00:00,31.849728771929826
2025-03-14 23:00:00+00:00,31.346769411764704
2025-03-15 00:00:00+00:00,31.417789777777777
2025-03-15 01:00:00+00:00,32.36274887755102
2025-03-15 02:00:00+00:00,33.27411820512821
2025-03-15 03:00:00+00:00,35.765928125
2025-03-15 04:00:00+00:00,37.19501517857143
2025-03-15 05:00:00+00:00,38.8364079245283
2025-03-15 06:00:00+00:00,39.92906090909091
2025-03-15 07:00:00+00:00,40.59427157894737
2025-03-15 08:00:00+00:00,40.81492574074074
2025-03-15 09:00:00+00:00,40.78216777777778
2025-03-15 10:00:00+00:00,39.938167978723406
2025-03-15 11:00:00+00:00,38.92539465116279
2025-03-15 12:00:00+00:00,38.02005683168317
2025-03-15 13:00:00+00:00,37.14954396551724
2025-03-15 14:00:00+00:00,36.57921817073171
2025-03-15 15:00:00+00:00,35.939436060606056
2025-03-15 16:00:00+00:00,35.161604102564105
2025-03-15 17:00:00+00:00,34.36344559440559
2025-03-15 18:00:00+00:00,33.67202337662338
2025-03-15 19:00:00+00:00,32.72592131578947
2025-03-15 20:00:00+00:00,32.11372781021898
2025-03-15 21:00:00+00:00,31.65619875
2025-03-15 22:00:00+00:00,31.122372542372883
2025-03-15 23:00:00+00:00,30.419484054054053
2025-03-16 00:00:00+00:00,30.293764385964916
2025-03-16 01:00:00+00:00,31.65333307692308
2025-03-16 02:00:00+00:00,33.31402950980392
2025-03-16 03:00:00+00:00,35.16632403669725
2025-03-16 04:00:00+00:00,37.42868019417475
2025-03-16 05:00:00+00:00,39.15812263636364
2025-03-16 06:00:00+00:00,40.24320614379085
2025-03-16 07:00:00+00:00,40.82366940740741
2025-03-16 08:00:00+00:00,41.1560001
2025-03-16 09:00:00+00:00,41.08977260869565
2025-03-16 10:00:00+00:00,40.62171636363636
2025-03-16 11:00:00+00:00,39.56960962264152
2025-03-16 12:00:00+00:00,38.458745
2025-03-16 13:00:00+00:00,37.61385064516129
2025-03-16 14:00:00+00:00,36.89072929824561
2025-03-16 15:00:00+00:00,35.879586326530614
2025-03-16 16:00:00+00:00,35.504833089430896
2025-03-16 17:00:00+00:00,34.530214649122804
2025-03-16 18:00:00+00:00,33.63053558139535
2025-03-16 19:00:00+00:00,32.693895866666665
2025-03-16 20:00:00+00:00,32.13242269230769
2025-03-16 21:00:00+00:00,31.54471104477612
2025-03-16 22:00:00+00:00,30.836654285714285
2025-03-16 23:00:00+00:00,30.10061637254902
2025-03-17 00:00:00+00:00,30.037995
2025-03-17 01:00:00+00:00,31.36034110091743
2025-03-17 02:00:00+00:00,33.01603804597701
2025-03-17 03:00:00+00:00,34.83969775
2025-03-17 04:00:00+00:00,36.451730909090905
2025-03-17 05:00:00+00:00,37.699501089108914
2025-03-17 06:00:00+00:00,38.88506252525252
2025-03-17 07:00:00+00:00,39.50418282051282
2025-03-17 08:00:00+00:00,39.990125324675326
2025-03-17 09:00:00+00:00,40.04667152173913
2025-03-17 10:00:00+00:00,39.69985327586207
2025-03-17 11:00:00+00:00,38.67463988764045
2025-03-17 12:00:00+00:00,37.66053186567164
2025-03-17 13:00:00+00:00,36.88765559701493
2025-03-17 14:00:00+00:00,36.28702472222222
2025-03-17 15:00:00+00:00,35.34448013071896
2025-03-17 16:00:00+00:00,34.32249496969697
2025-03-17 17:00:00+00:00,34.21505320512821
2025-03-17 18:00:00+00:00,33.7105095483871
2025-03-17 19:00:00+00:00,32.88801961832061
2025-03-17 20:00:00+00:00,32.13211965753425
2025-03-17 21:00:00+00:00,31.59261954198473
2025-03-17 22:00:00+00:00,31.106032878787875
2025-03-17 23:00:00+00:00,30.78927307692308
2025-03-18 00:00:00+00:00,31.07173876923077
2025-03-18 01:00:00+00:00,32.066096626506024
2025-03-18 02:00:00+00:00,33.5916376119403
2025-03-18 03:00:00+00:00,35.69301910714286
2025-03-18 04:00:00+00:00,37.05866952095808
2025-03-18 05:00:00+00:00,38.35578237288136
2025-03-18 06:00:00+00:00,39.58803181818182
2025-03-18 07:00:00+00:00,40.244811866666666
2025-03-18 08:00:00+00:00,40.44437191358025
2025-03-18 09:00:00+00:00,40.44127927152318
2025-03-18 10:00:00+00:00,39.95323676190476
2025-03-18 11:00:00+00:00,38.824850659340655
2025-03-18 12:00:00+00:00,37.57544543478261
2025-03-18 13:00:00+00:00,36.73934082706767
2025-03-18 14:00:00+00:00,35.91827281553398
2025-03-18 15:00:00+00:00,35.46826541666667
2025-03-18 16:00:00+00:00,35.02437857142857
2025-03-18 17:00:00+00:00,34.45692955307263
2025-03-18 18:00:00+00:00,33.99660661111111
2025-03-18 19:00:00+00:00,33.43953344444445
2025-03-18 20:00:00+00:00,32.73426363636364
2025-03-18 21:00:00+00:00,31.960896666666667
2025-03-18 22:00:00+00:00,31.165889
2025-03-18 23:00:00+00:00,30.88550227777778
2025-03-19 00:00:00+00:00,31.01415586592179
2025-03-19 01:00:00+00:00,32.218900222222224
2025-03-19 02:00:00+00:00,33.143985279503106
2025-03-19 03:00:00+00:00,34.689726176470586
2025-03-19 04:00:00+00:00,35.921472615384616
2025-03-19 05:00:00+00:00,37.481271566265065
2025-03-19 06:00:00+00:00,38.99990208333333
2025-03-19 07:00:00+00:00,39.90672808988764
2025-03-19 08:00:00+00:00,40.33622755555555
2025-03-27 06:00:00+00:00,40.30225121951219
2025-03-27 07:00:00+00:00,40.49733282051282
2025-03-27 08:00:00+00:00,40.66987341463415
2025-03-27 09:00:00+00:00,40.77597470588236
2025-03-27 10:00:00+00:00,40.55304476190476
2025-03-27 11:00:00+00:00,39.407742727272726
2025-03-27 12:00:00+00:00,38.53811173333334
2025-03-27 13:00:00+00:00,37.82575125
2025-03-27 14:00:00+00:00,37.1024095505618
2025-03-27 15:00:00+00:00,36.74003922222222
2025-03-27 16:00:00+00:00,35.86471338888889
2025-03-27 17:00:00+00:00,35.181725166666666
2025-03-27 18:00:00+00:00,34.73501872222222
2025-03-27 19:00:00+00:00,34.310515611111114
2025-03-27 20:00:00+00:00,33.68715123595506
2025-03-27 21:00:00+00:00,33.15168123595505
2025-03-27 22:00:00+00:00,32.908152666666666
2025-03-27 23:00:00+00:00,32.91468233333333
2025-03-28 00:00:00+00:00,33.421007833333334
2025-03-28 01:00:00+00:00,34.321574222222225
2025-03-28 02:00:00+00:00,35.46119538922156
2025-03-28 03:00:00+00:00,37.050334285714285
2025-03-28 04:00:00+00:00,38.53387533333333
2025-03-28 05:00:00+00:00,39.80473957894737
2025-03-28 06:00:00+00:00,40.80934984615384
2025-03-28 07:00:00+00:00,41.42759608333333
2025-03-28 08:00:00+00:00,41.56781376237624
2025-03-28 09:00:00+00:00,41.49917726027397
2025-03-28 10:00:00+00:00,41.14710044444444
2025-03-28 11:00:00+00:00,40.08804428571429
2025-03-28 12:00:00+00:00,39.201811509433966
2025-03-28 13:00:00+00:00,38.38583758241759
2025-03-28 14:00:00+00:00,37.88451133333333
2025-03-28 15:00:00+00:00,37.29135850746269
2025-03-28 16:00:00+00:00,36.903405
2025-03-28 17:00:00+00:00,36.38661808219178
2025-03-28 18:00:00+00:00,35.76969901408451
2025-03-28 19:00:00+00:00,34.553493333333336
2025-03-28 20:00:00+00:00,34.50018666666667
2025-03-28 21:00:00+00:00,33.772468
2025-03-28 22:00:00+00:00,33.833081428571425
2025-03-28 23:00:00+00:00,34.29393
2025-03-29 00:00:00+00:00,34.12221620689655
2025-03-29 01:00:00+00:00,34.7056525
2025-03-29 02:00:00+00:00,36.030912923076926
2025-03-29 03:00:00+00:00,37.540886388888886
2025-03-29 04:00:00+00:00,38.52495730769231
2025-03-29 05:00:00+00:00,39.79715619047619
2025-03-29 06:00:00+00:00,40.838529791666666
2025-03-29 07:00:00+00:00,41.36173815217391
2025-03-29 08:00:00+00:00,41.676089890109886
2025-03-29 09:00:00+00:00,41.99212401639345
2025-03-29 10:00:00+00:00,41.60750172043011
2025-03-29 11:00:00+00:00,40.4861615942029
2025-03-29 12:00:00+00:00,39.71685368421053
2025-03-29 13:00:00+00:00,39.258406538461536
2025-03-29 14:00:00+00:00,38.62950636363637
2025-03-29 15:00:00+00:00,37.823348571428575
2025-03-29 16:00:00+00:00,37.446224375
2025-03-29 17:00:00+00:00,36.87490269230769
2025-03-29 18:00:00+00:00,36.23970272727273
2025-03-29 19:00:00+00:00,35.87435578947368
2025-03-29 20:00:00+00:00,34.957475
2025-03-29 21:00:00+00:00,34.32554823529412
2025-03-29 22:00:00+00:00,34.09521891566265
2025-03-29 23:00:00+00:00,33.31200688311689
2025-03-30 00:00:00+00:00,33.33224729729729
2025-03-30 01:00:00+00:00,34.09366567164179
2025-03-30 02:00:00+00:00,35.931396666666664
2025-03-30 03:00:00+00:00,36.929311
2025-03-30 04:00:00+00:00,38.31736270833333
2025-03-30 05:00:00+00:00,39.80868844444444
2025-03-30 06:00:00+00:00,40.71944677966102
2025-03-30 07:00:00+00:00,41.30547490196079
2025-03-30 08:00:00+00:00,41.73566486486486
2025-03-30 09:00:00+00:00,41.66700659574468
2025-03-30 10:00:00+00:00,41.26340951456311
2025-03-30 11:00:00+00:00,40.23307530612245
2025-03-30 12:00:00+00:00,39.3491721978022
2025-03-30 13:00:00+00:00,38.613337692307695
2025-03-30 14:00:00+00:00,37.90411976470588
2025-03-30 15:00:00+00:00,37.267151886792455
2025-03-30 16:00:00+00:00,36.03005848484848
2025-03-30 17:00:00+00:00,35.420875
2025-03-30 18:00:00+00:00,34.98002127272728
2025-03-30 19:00:00+00:00,34.80452590909091
2025-03-30 20:00:00+00:00,33.797059512195126
2025-03-30 21:00:00+00:00,33.34364884615384
2025-03-30 22:00:00+00:00,32.79934
2025-03-30 23:00:00+00:00,31.95005
2025-03-31 00:00:00+00:00,32.02907008928572
2025-03-31 01:00:00+00:00,32.922898653846154
2025-03-31 02:00:00+00:00,34.573798181818184
2025-03-31 03:00:00+00:00,36.09528568181818
2025-03-31 04:00:00+00:00,37.88634042253521
2025-03-31 05:00:00+00:00,39.089974431818185
2025-03-31 06:00:00+00:00,40.00405753333333
2025-03-31 07:00:00+00:00,39.87121324840764
2025-03-31 08:00:00+00:00,39.9024595522388
2025-03-31 09:00:00+00:00,39.44991620437956
2025-03-31 10:00:00+00:00,39.21839491071428
2025-03-31 11:00:00+00:00,38.69314844444444
2025-03-31 12:00:00+00:00,37.61876301204819
2025-03-31 13:00:00+00:00,36.65862797546012
2025-03-31 14:00:00+00:00,35.78582229166667
2025-03-31 15:00:00+00:00,34.72199
2025-03-31 16:00:00+00:00,34.40986103092784
2025-03-31 17:00:00+00:00,34.50115325
2025-03-31 18:00:00+00:00,33.7718025
2025-03-31 19:00:00+00:00,33.32684833333334
2025-03-31 20:00:00+00:00,32.62371
2025-03-31 21:00:00+00:00,32.18899
2025-03-31 22:00:00+00:00,31.92301
2025-03-31 23:00:00+00:00,31.652275384615383
2025-04-01 00:00:00+00:00,31.61469961038961
2025-04-01 01:00:00+00:00,32.058820833333336
2025-04-01 02:00:00+00:00,33.2373375
2025-04-01 03:00:00+00:00,34.83366142857143
2025-04-01 04:00:00+00:00,35.82075
2025-04-01 05:00:00+00:00,37.50031223776224
2025-04-01 06:00:00+00:00,38.42291583333333
2025-04-01 07:00:00+00:00,39.085816728395066
2025-04-01 08:00:00+00:00,39.3873602247191
2025-04-01 09:00:00+00:00,39.283228895348834
2025-04-01 10:00:00+00:00,38.90062105882353
2025-04-01 11:00:00+00:00,37.8874172781065
2025-04-01 12:00:00+00:00,36.951451918604654
2025-04-01 13:00:00+00:00,36.19113965753425
2025-04-01 14:00:00+00:00,35.65317792207792
2025-04-01 15:00:00+00:00,35.30859466257669
2025-04-01 16:00:00+00:00,34.8563636196319
2025-04-01 17:00:00+00:00,34.33070590361446
2025-04-01 18:00:00+00:00,33.63767834437086
2025-04-01 19:00:00+00:00,32.99927516556291
2025-04-01 20:00:00+00:00,32.520422662337666
2025-04-01 21:00:00+00:00,32.40991183544303
2025-04-01 22:00:00+00:00,31.74387814569537
2025-04-01 23:00:00+00:00,31.341706962962963
2025-04-02 00:00:00+00:00,31.6771217721519
2025-04-02 01:00:00+00:00,32.31408463576159
2025-04-02 02:00:00+00:00,33.670920137931034
2025-04-02 03:00:00+00:00,35.318282844827586
2025-04-02 04:00:00+00:00,36.08943515625
2025-04-02 05:00:00+00:00,37.39608492307692
2025-04-02 06:00:00+00:00,38.42808335526316
2025-04-02 07:00:00+00:00,38.7018775
2025-04-02 08:00:00+00:00,38.53292397350993
2025-04-02 09:00:00+00:00,38.45983572368421
2025-04-02 10:00:00+00:00,38.10341722891567
2025-04-02 11:00:00+00:00,37.117224827586206
2025-04-02 12:00:00+00:00,36.495396
2025-04-02 13:00:00+00:00,35.919740578034684
2025-04-02 14:00:00+00:00,35.563944588235294
2025-04-02 15:00:00+00:00,35.30726041916168
2025-04-02 16:00:00+00:00,35.091508522727274
2025-04-02 17:00:00+00:00,34.7746284375
2025-04-02 18:00:00+00:00,34.439352994011976
2025-04-02 19:00:00+00:00,34.12106403726708
2025-04-02 20:00:00+00:00,33.89332773809524
2025-04-02 21:00:00+00:00,33.85161345238095
2025-04-02 22:00:00+00:00,33.62191701863354
2025-04-02 23:00:00+00:00,33.3836485625
2025-04-03 00:00:00+00:00,33.21572981707317
2025-04-03 01:00:00+00:00,33.443740318471335
2025-04-03 02:00:00+00:00,34.33624707006369
2025-04-03 03:00:00+00:00,35.36435803738318
2025-04-03 04:00:00+00:00,35.77109704225352
2025-04-03 05:00:00+00:00,37.05268980519481
2025-04-03 06:00:00+00:00,38.299902348993285
2025-04-03 07:00:00+00:00,39.0871835625
2025-04-03 08:00:00+00:00,37.05136938356164
2025-04-03 09:00:00+00:00,33.56117352459017
2025-04-03 10:00:00+00:00,33.00986610169491
2025-04-03 11:00:00+00:00,30.902820285714288
2025-04-03 12:00:00+00:00,30.60168893258427
2025-04-03 13:00:00+00:00,28.93500806722689
2025-04-04 06:00:00+00:00,35.50347
2025-04-04 07:00:00+00:00,36.07076210526316
2025-04-04 08:00:00+00:00,36.340032666666666
2025-04-04 09:00:00+00:00,36.450689259259256
2025-04-04 10:00:00+00:00,36.454835
2025-04-04 11:00:00+00:00,35.938374583333335
2025-04-04 12:00:00+00:00,34.72416526315789
2025-04-04 13:00:00+00:00,33.13145411764706
2025-04-05 10:00:00+00:00,38.16952255555556
2025-04-05 11:00:00+00:00,37.40548284916201
2025-04-05 12:00:00+00:00,36.67064720670391
2025-04-05 13:00:00+00:00,36.18833605555555
2025-04-05 14:00:00+00:00,35.79576477777778
2025-04-05 15:00:00+00:00,35.320164222222225
2025-04-05 16:00:00+00:00,34.74137633333333
2025-04-05 17:00:00+00:00,34.30544611111111
2025-04-05 18:00:00+00:00,34.14159816666667
2025-04-05 19:00:00+00:00,33.81965670391061
2025-04-05 20:00:00+00:00,33.63413853932584
2025-04-05 21:00:00+00:00,33.56945772222222
2025-04-05 22:00:00+00:00,33.42657938888889
2025-04-05 23:00:00+00:00,33.00108716666667
2025-04-06 00:00:00+00:00,33.32556106145251
2025-04-06 01:00:00+00:00,33.69844144444445
2025-04-06 02:00:00+00:00,34.549340111111114
2025-04-06 03:00:00+00:00,36.092362
2025-04-06 04:00:00+00:00,37.20839988888889
2025-04-06 05:00:00+00:00,38.34078539772728
2025-04-06 06:00:00+00:00,39.38985722222222
2025-04-06 07:00:00+00:00,39.85872140449438
2025-04-06 08:00:00+00:00,40.47918638888889
2025-04-06 09:00:00+00:00,40.27479033898305
2025-04-06 10:00:00+00:00,40.09011191011236
2025-04-06 11:00:00+00:00,39.09112294444445
2025-04-06 12:00:00+00:00,37.75742922222222
2025-04-06 13:00:00+00:00,36.89579234636872
2025-04-06 14:00:00+00:00,35.925734444444444
2025-04-06 15:00:00+00:00,35.284279777777776
2025-04-06 16:00:00+00:00,34.52777005555556
2025-04-06 17:00:00+00:00,34.06559927777778
2025-04-06 18:00:00+00:00,33.61850061111111
2025-04-06 19:00:00+00:00,33.240753
2025-04-06 20:00:00+00:00,32.96707905555556
2025-04-06 21:00:00+00:00,32.85314366666667
2025-04-06 22:00:00+00:00,32.64819605555556
2025-04-06 23:00:00+00:00,31.906170555555555
2025-04-07 00:00:00+00:00,31.82933483333333
2025-04-07 01:00:00+00:00,33.42953788888889
2025-04-07 02:00:00+00:00,34.87036
2025-04-07 03:00:00+00:00,36.64233094674556
2025-04-07 04:00:00+00:00,37.98642415730337
2025-04-07 05:00:00+00:00,38.9845595480226
2025-04-07 06:00:00+00:00,40.14409696428571
2025-04-07 07:00:00+00:00,40.69719869047619
2025-04-07 08:00:00+00:00,40.82007987878788
2025-04-07 09:00:00+00:00,40.06662775147929
2025-04-07 10:00:00+00:00,39.671779085365856
2025-04-07 11:00:00+00:00,39.16332823076923
2025-04-07 12:00:00+00:00,37.92091413043478
2025-04-07 13:00:00+00:00,36.886621777777776
2025-04-07 14:00:00+00:00,36.32132858208956
2025-04-07 15:00:00+00:00,35.43749739726027
2025-04-07 16:00:00+00:00,35.225269108910894
2025-04-08 06:00:00+00:00,40.11163653594771
2025-04-08 07:00:00+00:00,40.65202846666666
2025-04-08 08:00:00+00:00,40.76166414634146
2025-04-08 09:00:00+00:00,40.66035045454546
2025-04-08 10:00:00+00:00,40.193038809523806
2025-04-08 11:00:00+00:00,39.2934058988764
2025-04-08 12:00:00+00:00,38.418435780346826
2025-04-08 13:00:00+00:00,37.79180797752809
2025-04-08 14:00:00+00:00,37.2592924858757
2025-04-08 15:00:00+00:00,36.78138201149425
2025-04-08 16:00:00+00:00,35.97837361581921
2025-04-08 17:00:00+00:00,34.58815212290503
2025-04-08 18:00:00+00:00,33.6704490960452
2025-04-08 19:00:00+00:00,33.11311261111111
2025-04-08 20:00:00+00:00,32.99468427777778
2025-04-08 21:00:00+00:00,32.92338572222222
2025-04-08 22:00:00+00:00,32.63143316666667
2025-04-08 23:00:00+00:00,32.28626116666666
2025-04-09 00:00:00+00:00,32.14143127777778
2025-04-09 01:00:00+00:00,33.48869696629213
2025-04-09 02:00:00+00:00,34.56201378698225
2025-04-09 03:00:00+00:00,36.26774150442478
2025-04-09 04:00:00+00:00,37.33675792592592
2025-04-09 05:00:00+00:00,38.50457089430894
2025-04-09 06:00:00+00:00,39.43426325581395
2025-04-09 07:00:00+00:00,40.18724724637681
2025-04-09 08:00:00+00:00,40.55127045112782
2025-04-09 09:00:00+00:00,40.77104090909091
2025-04-09 10:00:00+00:00,40.16130111111112
2025-04-09 11:00:00+00:00,39.29293525
2025-04-09 12:00:00+00:00,38.33101959731544
2025-04-09 13:00:00+00:00,37.3247
2025-04-09 14:00:00+00:00,36.52418448598131
2025-04-09 15:00:00+00:00,36.2387725
2025-04-09 16:00:00+00:00,35.95066470588235
2025-04-09 17:00:00+00:00,35.09630188811189
2025-04-09 18:00:00+00:00,35.01877980392157
2025-04-09 19:00:00+00:00,34.67529370629371
2025-04-09 20:00:00+00:00,34.20286867549669
2025-04-09 21:00:00+00:00,34.091962677165355
2025-04-09 22:00:00+00:00,33.81947765517241
2025-04-09 23:00:00+00:00,33.49963090909091
2025-04-10 00:00:00+00:00,33.80481846153846
2025-04-10 01:00:00+00:00,34.34132957983193
2025-04-10 02:00:00+00:00,35.41149218978102
2025-04-10 03:00:00+00:00,37.16711080645161
2025-04-10 04:00:00+00:00,38.66190993150685
2025-04-10 05:00:00+00:00,39.8666585443038
2025-04-10 06:00:00+00:00,40.70957237804878
2025-04-10 07:00:00+00:00,41.24112891566265
2025-04-10 08:00:00+00:00,41.93061889570552
2025-04-10 09:00:00+00:00,40.19476888157895
2025-04-10 10:00:00+00:00,36.71456588607595
2025-04-10 11:00:00+00:00,34.64694040540541
2025-04-10 12:00:00+00:00,34.44181357615894
2025-04-10 13:00:00+00:00,34.86990101910828
2025-04-10 14:00:00+00:00,34.404867151898735
2025-04-10 15:00:00+00:00,34.12601111111111
2025-04-10 16:00:00+00:00,34.34843982352941
2025-04-10 17:00:00+00:00,34.09446726256983
2025-04-10 18:00:00+00:00,33.187571444444444
2025-04-10 19:00:00+00:00,33.00137737430168
2025-04-10 20:00:00+00:00,32.92516711111111
2025-04-10 21:00:00+00:00,32.76425233333333
2025-04-10 22:00:00+00:00,32.172965000000005
2025-04-10 23:00:00+00:00,32.06137427777778
2025-04-11 00:00:00+00:00,32.35087083333333
2025-04-11 01:00:00+00:00,33.00486588888889
2025-04-11 02:00:00+00:00,33.227447954545454
2025-04-11 03:00:00+00:00,33.52424393442623
2025-04-11 04:00:00+00:00,34.79587076923077
2025-04-11 05:00:00+00:00,35.94258849056604
2025-04-11 06:00:00+00:00,36.67333352941176
2025-04-16 12:00:00+00:00,39.027337653631285
2025-04-16 13:00:00+00:00,37.81431644444445
2025-04-16 14:00:00+00:00,37.35648553072626
2025-04-16 15:00:00+00:00,37.16885888268156
2025-04-16 16:00:00+00:00,36.73944261363636
2025-04-16 17:00:00+00:00,36.37442251396648
2025-04-16 18:00:00+00:00,35.75528943820225
2025-04-16 19:00:00+00:00,35.146688777777776
2025-04-16 20:00:00+00:00,34.83653594444444
2025-04-16 21:00:00+00:00,34.09476077777778
2025-04-16 22:00:00+00:00,33.84624022222222
2025-04-16 23:00:00+00:00,33.28753911111112
2025-04-17 00:00:00+00:00,33.318644245810056
2025-04-17 01:00:00+00:00,33.91247
2025-04-17 02:00:00+00:00,35.10056068181819
2025-04-17 03:00:00+00:00,36.51351936046512
2025-04-17 04:00:00+00:00,37.53202375722543
2025-04-17 05:00:00+00:00,38.89395965909091
2025-04-17 06:00:00+00:00,39.90550949438202
2025-04-17 07:00:00+00:00,40.59960744318182
2025-04-17 08:00:00+00:00,41.18350204545455
2025-04-17 09:00:00+00:00,41.07195042424242
2025-04-17 10:00:00+00:00,40.1469988372093
2025-04-17 11:00:00+00:00,39.36709129411765
2025-04-17 12:00:00+00:00,38.17771895061728
2025-04-17 13:00:00+00:00,35.7780381443299
2025-04-22 03:00:00+00:00,36.96823
2025-04-22 22:00:00+00:00,36.96823
2025-04-22 23:00:00+00:00,35.399174583333334
2025-04-24 07:00:00+00:00,42.92007269662921
2025-04-24 08:00:00+00:00,43.06702005586592
2025-04-24 09:00:00+00:00,43.39089172619048
2025-04-24 10:00:00+00:00,42.69156284916201
2025-04-24 11:00:00+00:00,41.743844903225806
2025-04-24 12:00:00+00:00,40.8195125
2025-04-24 13:00:00+00:00,40.10110833333333
2025-04-24 14:00:00+00:00,39.43237813559322
2025-04-24 15:00:00+00:00,38.32324861111111
2025-04-24 16:00:00+00:00,37.49890094444444
2025-04-24 17:00:00+00:00,37.13230877777777
2025-04-24 18:00:00+00:00,37.32739144444445
2025-04-24 19:00:00+00:00,37.1091905
2025-04-24 20:00:00+00:00,36.67822733333333
2025-04-24 21:00:00+00:00,35.9465365
2025-04-24 22:00:00+00:00,35.56674855555556
2025-04-24 23:00:00+00:00,35.266407
2025-04-25 00:00:00+00:00,35.089235333333335
2025-04-25 01:00:00+00:00,36.67299826815643
2025-04-25 02:00:00+00:00,38.00711344632768
2025-04-25 03:00:00+00:00,39.26390434285714
2025-04-25 04:00:00+00:00,40.27440921052632
2025-04-25 14:00:00+00:00,38.19495505555555
2025-04-25 15:00:00+00:00,37.75408027932961
2025-04-25 16:00:00+00:00,36.94915761111111
2025-04-25 17:00:00+00:00,36.45696730337079
2025-04-25 18:00:00+00:00,36.598678166666666
2025-04-25 19:00:00+00:00,36.08598605555556
2025-04-25 20:00:00+00:00,35.61852765363128
2025-04-25 21:00:00+00:00,35.131039055555554
2025-04-25 22:00:00+00:00,34.66389350993377
2025-04-29 06:00:00+00:00,41.11690526315789
2025-04-29 07:00:00+00:00,42.049885
2025-04-29 08:00:00+00:00,42.29869083333333
2025-04-29 09:00:00+00:00,42.356337258064514
2025-04-29 10:00:00+00:00,41.50717305732484
2025-04-29 11:00:00+00:00,40.086951875
2025-04-29 12:00:00+00:00,39.11928163841808
2025-04-29 13:00:00+00:00,38.29818912790697
2025-04-29 14:00:00+00:00,37.91790835365854
2025-04-29 15:00:00+00:00,37.13753942857143
2025-04-29 16:00:00+00:00,36.48763414364641
2025-04-29 17:00:00+00:00,36.08538494382022
2025-04-29 18:00:00+00:00,35.54466284916201
2025-04-29 19:00:00+00:00,35.39178172222222
2025-04-29 20:00:00+00:00,35.06177731843575
2025-04-29 21:00:00+00:00,35.0581265
2025-04-29 22:00:00+00:00,35.07341811111111
2025-04-29 23:00:00+00:00,34.220856864406784
2025-04-30 00:00:00+00:00,33.22761858108108
2025-04-30 01:00:00+00:00,33.939681929824566
2025-04-30 02:00:00+00:00,35.43798023809524
2025-04-30 03:00:00+00:00,39.908130738636366
2025-04-30 04:00:00+00:00,41.31528
2025-04-30 05:00:00+00:00,41.93948251798561
2025-04-30 06:00:00+00:00,42.272809316770186
2025-04-30 07:00:00+00:00,42.75817878612717
2025-04-30 08:00:00+00:00,43.45712101190476
2025-04-30 09:00:00+00:00,43.68030648148148
2025-04-30 10:00:00+00:00,43.578326352941176
2025-04-30 11:00:00+00:00,40.06403576271186
2025-04-30 12:00:00+00:00,39.063998514285714
2025-04-30 13:00:00+00:00,38.504853352272725
2025-04-30 14:00:00+00:00,38.28565074285714
2025-04-30 15:00:00+00:00,38.093985333333336
2025-04-30 16:00:00+00:00,37.95305539325843
2025-04-30 17:00:00+00:00,36.72770388888889
2025-04-30 18:00:00+00:00,35.33412363128492
2025-04-30 19:00:00+00:00,34.76437543352601
2025-04-30 20:00:00+00:00,34.45337225433526
2025-04-30 21:00:00+00:00,34.24231994350282
2025-04-30 22:00:00+00:00,34.11633649717514
2025-04-30 23:00:00+00:00,33.79162096590909
2025-05-01 00:00:00+00:00,34.1298315
2025-05-01 01:00:00+00:00,34.859491657142854
2025-05-01 02:00:00+00:00,35.96792885496183
2025-05-01 03:00:00+00:00,37.84366812030076
2025-05-01 04:00:00+00:00,38.93319398550725
2025-05-01 05:00:00+00:00,40.23104338129497
2025-05-01 06:00:00+00:00,41.60148525862069
2025-05-01 07:00:00+00:00,41.984983125
2025-05-01 08:00:00+00:00,42.196437730496456
2025-05-01 09:00:00+00:00,42.68867295238096
2025-05-01 10:00:00+00:00,42.420636015625
2025-05-01 11:00:00+00:00,41.50875240875913
2025-05-01 12:00:00+00:00,39.99167904
2025-05-01 13:00:00+00:00,37.297753703703705
2025-05-01 14:00:00+00:00,36.46787261682243
2025-05-01 15:00:00+00:00,36.114035371900826
2025-05-01 16:00:00+00:00,35.87882328767124
2025-05-01 17:00:00+00:00,35.56802291666666
2025-05-01 18:00:00+00:00,35.36225368421053
2025-05-01 19:00:00+00:00,35.11350233870967
2025-05-01 20:00:00+00:00,34.81559187969925
2025-05-01 21:00:00+00:00,33.69559583333333
2025-05-01 22:00:00+00:00,33.34263921985816
2025-05-01 23:00:00+00:00,33.24363819548872
2025-05-02 00:00:00+00:00,33.23367348623853
2025-05-02 01:00:00+00:00,34.20541753333334
2025-05-02 02:00:00+00:00,35.10521108433735
2025-05-02 03:00:00+00:00,36.77221476190476
2025-05-02 04:00:00+00:00,37.89198483870968
2025-05-02 05:00:00+00:00,39.743524117647056
2025-05-02 06:00:00+00:00,40.83506340909091
2025-05-02 07:00:00+00:00,41.45294380952381
2025-05-02 08:00:00+00:00,42.06259946428571
2025-05-02 09:00:00+00:00,41.90331259259259
2025-05-02 10:00:00+00:00,41.878146018518514
2025-05-02 11:00:00+00:00,40.90170393103448
2025-05-02 12:00:00+00:00,39.43550826086956
2025-05-02 13:00:00+00:00,37.63224979452055
2025-05-02 14:00:00+00:00,36.060144406779656
2025-05-02 15:00:00+00:00,36.26328707317073
2025-05-02 16:00:00+00:00,35.85455632478632
2025-05-02 17:00:00+00:00,35.22703712871287
2025-05-02 18:00:00+00:00,35.002344036697245
2025-05-02 19:00:00+00:00,34.63474463157895
2025-05-02 20:00:00+00:00,34.107633928571424
2025-05-02 21:00:00+00:00,33.61564097560975
2025-05-02 22:00:00+00:00,33.51748935779816
2025-05-02 23:00:00+00:00,33.74275362962963
2025-05-03 00:00:00+00:00,34.18428309352518
2025-05-03 01:00:00+00:00,34.8271245
2025-05-03 02:00:00+00:00,35.98910204081633
2025-05-03 03:00:00+00:00,37.65081579710145
2025-05-03 04:00:00+00:00,39.21736333333333
2025-05-03 05:00:00+00:00,40.20453083333333
2025-05-03 06:00:00+00:00,41.65563173913044
2025-05-03 07:00:00+00:00,42.339235
2025-05-03 08:00:00+00:00,42.26532
2025-05-07 09:00:00+00:00,39.708227058823525
2025-05-07 10:00:00+00:00,38.93060666666666
2025-05-07 11:00:00+00:00,37.68223285714286
2025-05-07 12:00:00+00:00,37.101455217391305
2025-05-07 13:00:00+00:00,36.48170888888889
2025-05-07 14:00:00+00:00,36.17420181818181
2025-05-07 15:00:00+00:00,35.484186666666666
2025-05-07 16:00:00+00:00,34.94088888888889
2025-05-07 17:00:00+00:00,34.70471666666666
2025-05-07 18:00:00+00:00,34.386875
2025-05-07 19:00:00+00:00,33.95475
2025-05-07 20:00:00+00:00,33.442746
2025-05-07 21:00:00+00:00,31.88047333333333
2025-05-07 22:00:00+00:00,31.975530666666668
2025-05-07 23:00:00+00:00,30.89695
2025-05-08 05:00:00+00:00,37.9531875
2025-05-08 06:00:00+00:00,39.24825499999999
2025-05-08 07:00:00+00:00,38.84712590909091
2025-05-08 08:00:00+00:00,39.080463020833335
2025-05-08 09:00:00+00:00,38.8287440625
2025-05-08 10:00:00+00:00,39.16489488372093
2025-05-08 11:00:00+00:00,38.463007063492064
2025-05-08 12:00:00+00:00,37.18723347457627
2025-05-08 13:00:00+00:00,36.12482834710744
2025-05-08 14:00:00+00:00,35.7495112
2025-05-08 15:00:00+00:00,35.23856124031008
2025-05-08 16:00:00+00:00,33.93871862745098
2025-05-08 17:00:00+00:00,33.58682791666667
2025-05-08 18:00:00+00:00,33.18485873134328
2025-05-08 19:00:00+00:00,32.85776645390071
2025-05-08 20:00:00+00:00,32.57280594405594
2025-05-08 21:00:00+00:00,32.251806504065044
2025-05-08 22:00:00+00:00,32.32465269230769
2025-05-08 23:00:00+00:00,32.1262036
2025-05-09 00:00:00+00:00,32.44993076923077
2025-05-09 01:00:00+00:00,33.6099196
2025-05-09 02:00:00+00:00,35.40062493670886
2025-05-09 03:00:00+00:00,37.20455503816794
2025-05-09 04:00:00+00:00,38.462939934210524
2025-05-09 05:00:00+00:00,39.61295736363636
2025-05-09 06:00:00+00:00,40.913072178217824
2025-05-09 07:00:00+00:00,41.18136258992806
2025-05-09 08:00:00+00:00,41.64351425373135
2025-05-09 09:00:00+00:00,41.70985747126437
2025-05-09 10:00:00+00:00,41.08100008474576
2025-05-09 11:00:00+00:00,39.9646844654088
2025-05-09 12:00:00+00:00,38.909865985915495
2025-05-09 13:00:00+00:00,37.854038811188815
2025-05-09 14:00:00+00:00,37.181981865671645
2025-05-09 15:00:00+00:00,37.128180088495576
2025-05-09 16:00:00+00:00,36.7481705785124
2025-05-09 17:00:00+00:00,35.00508618055555
2025-05-09 18:00:00+00:00,34.676143333333336
2025-05-09 19:00:00+00:00,34.5062127607362
2025-05-09 20:00:00+00:00,34.023974771241825
2025-05-09 21:00:00+00:00,33.84270545454545
2025-05-09 22:00:00+00:00,33.7852075
2025-05-09 23:00:00+00:00,33.673639072847685
2025-05-10 00:00:00+00:00,34.11973073684211
2025-05-10 01:00:00+00:00,35.17922068181818
2025-05-10 02:00:00+00:00,36.55841476190477
2025-05-10 03:00:00+00:00,38.08791233870968
2025-05-10 04:00:00+00:00,39.12154798319328
2025-05-10 05:00:00+00:00,40.12699444444445
2025-05-12 11:00:00+00:00,38.70505411428572
2025-05-12 12:00:00+00:00,38.65367721893491
2025-05-12 13:00:00+00:00,38.44438012048193
2025-05-12 14:00:00+00:00,37.78096468208093
2025-05-12 15:00:00+00:00,36.89230638709677
2025-05-12 16:00:00+00:00,36.88236408045977
2025-05-12 17:00:00+00:00,35.42230558139535
2025-05-12 18:00:00+00:00,34.85631542857143
2025-05-12 19:00:00+00:00,35.15461544378698
2025-05-12 20:00:00+00:00,34.96472238095238
2025-05-12 21:00:00+00:00,35.011981428571424
2025-05-12 22:00:00+00:00,35.05480452830189
2025-05-12 23:00:00+00:00,35.18116913669064
2025-05-13 00:00:00+00:00,35.04660180722891
2025-05-13 01:00:00+00:00,35.343249517241375
2025-05-13 02:00:00+00:00,35.797792743362834
2025-05-13 03:00:00+00:00,36.108405810810815
2025-05-13 04:00:00+00:00,37.26166417910448
2025-05-13 05:00:00+00:00,39.401306791044775
2025-05-13 06:00:00+00:00,40.81996864864865
2025-05-13 07:00:00+00:00,41.52913035928144
2025-05-13 08:00:00+00:00,41.42737114093959
2025-05-13 09:00:00+00:00,41.14125672955975
2025-05-13 10:00:00+00:00,41.169615906432746
2025-05-13 11:00:00+00:00,40.1787913372093
2025-05-13 12:00:00+00:00,39.091319162011175
2025-05-13 13:00:00+00:00,38.4242593081761
2025-05-13 14:00:00+00:00,37.93689853932584
2025-05-13 15:00:00+00:00,37.77125310734464
2025-05-13 16:00:00+00:00,37.118053333333336
2025-05-13 17:00:00+00:00,36.69729849162011
2025-05-13 18:00:00+00:00,36.30873683908046
2025-05-13 19:00:00+00:00,35.934733468208094
2025-05-13 20:00:00+00:00,35.51552261627907
2025-05-13 21:00:00+00:00,35.33379744186047
2025-05-13 22:00:00+00:00,35.11267855421687
2025-05-13 23:00:00+00:00,34.72086782352941
2025-05-14 00:00:00+00:00,34.82375901734104
2025-05-14 01:00:00+00:00,35.54505738372093
2025-05-14 02:00:00+00:00,36.8906851744186
2025-05-14 03:00:00+00:00,38.16469931034483
2025-05-14 04:00:00+00:00,39.42413994318181
2025-05-14 05:00:00+00:00,40.71065192090396
2025-05-14 06:00:00+00:00,41.17130410404624
2025-05-14 07:00:00+00:00,41.20307653179191
2025-05-14 08:00:00+00:00,41.414952254335255
2025-05-14 09:00:00+00:00,41.48547804733728
2025-05-14 10:00:00+00:00,40.84147327777778
2025-05-14 11:00:00+00:00,38.52617566666667
2025-05-14 12:00:00+00:00,34.032437944444446
2025-05-14 13:00:00+00:00,34.346779942528734
2025-05-14 14:00:00+00:00,33.655409075144505
2025-05-14 15:00:00+00:00,34.09355488764045
2025-05-14 16:00:00+00:00,34.04655873563218
2025-05-14 17:00:00+00:00,33.69067122222222
2025-05-14 18:00:00+00:00,33.68147072222222
2025-05-14 19:00:00+00:00,33.31366711111111
2025-05-14 20:00:00+00:00,33.32441661111111
2025-05-14 21:00:00+00:00,33.00217283333333
2025-05-14 22:00:00+00:00,32.9861705
2025-05-14 23:00:00+00:00,32.808528932584274
2025-05-15 00:00:00+00:00,32.755523296089386
2025-05-15 01:00:00+00:00,31.442143
2025-05-15 02:00:00+00:00,30.165344944444445
2025-05-15 03:00:00+00:00,32.26792338888889
2025-05-15 04:00:00+00:00,34.054743988439306
2025-05-15 05:00:00+00:00,34.8350461452514
2025-05-15 06:00:00+00:00,36.18391575418994
2025-05-15 07:00:00+00:00,37.34048643678161
2025-05-15 08:00:00+00:00,37.94401592178771
2025-05-15 09:00:00+00:00,38.27174905555555
2025-05-15 10:00:00+00:00,38.06773713483146
2025-05-15 11:00:00+00:00,37.4342238547486
2025-05-15 12:00:00+00:00,36.43193977777778
2025-05-15 13:00:00+00:00,35.75024502824859
2025-05-15 14:00:00+00:00,35.265572134831466
2025-05-15 15:00:00+00:00,35.08869162011173
2025-05-15 16:00:00+00:00,33.830644775280895
2025-05-15 17:00:00+00:00,32.35087342696629
2025-05-15 18:00:00+00:00,32.075261833333336
2025-05-15 19:00:00+00:00,31.834760847457627
2025-05-15 20:00:00+00:00,31.778222055555556
2025-05-15 21:00:00+00:00,31.4853530726257
2025-05-15 22:00:00+00:00,31.488719444444445
2025-05-15 23:00:00+00:00,31.46108211111111
2025-05-16 00:00:00+00:00,31.29131331460674
2025-05-16 01:00:00+00:00,31.881452528089888
2025-05-16 02:00:00+00:00,32.44918094444444
2025-05-16 03:00:00+00:00,32.491810726256986
2025-05-16 04:00:00+00:00,33.15932631284916
2025-05-16 05:00:00+00:00,34.51504664804469
2025-05-16 06:00:00+00:00,35.789458
2025-05-16 07:00:00+00:00,37.23206175141243
2025-05-16 08:00:00+00:00,38.09640288135593
2025-05-16 09:00:00+00:00,38.49051227272727
2025-05-16 10:00:00+00:00,38.37635046242775
2025-05-16 11:00:00+00:00,37.88260430656934
2025-05-16 12:00:00+00:00,36.27950705128205
2025-05-16 13:00:00+00:00,36.03756759776537
2025-05-16 14:00:00+00:00,35.47939051724138
2025-05-16 15:00:00+00:00,34.87084903409091
2025-05-16 16:00:00+00:00,34.66845622222222
2025-05-16 17:00:00+00:00,34.907204636871505
2025-05-16 18:00:00+00:00,34.937492696629214
2025-05-16 19:00:00+00:00,34.56683161111111
2025-05-16 20:00:00+00:00,34.29288337078652
2025-05-16 21:00:00+00:00,33.94988727810651
2025-05-16 22:00:00+00:00,33.46956346368715
2025-05-16 23:00:00+00:00,33.13619735955056
2025-05-17 00:00:00+00:00,33.324889
2025-05-17 01:00:00+00:00,34.20478331428571
2025-05-17 02:00:00+00:00,35.23044355555555
2025-05-17 03:00:00+00:00,35.96924938547486
2025-05-17 04:00:00+00:00,37.12653982954546
2025-05-17 05:00:00+00:00,37.71582056179775
2025-05-17 06:00:00+00:00,37.91724640449439
2025-05-17 07:00:00+00:00,37.94729888888889
2025-05-17 08:00:00+00:00,37.97557212290503
2025-05-17 09:00:00+00:00,38.042029880952384
2025-05-17 10:00:00+00:00,38.4891123699422
2025-05-17 11:00:00+00:00,38.03220122093023
2025-05-17 12:00:00+00:00,37.18825897727272
2025-05-17 13:00:00+00:00,36.50921725714286
2025-05-17 14:00:00+00:00,36.021559090909086
2025-05-17 15:00:00+00:00,35.74532837078652
2025-05-17 16:00:00+00:00,35.51373011299435
2025-05-17 17:00:00+00:00,35.531969000000004
2025-05-17 18:00:00+00:00,35.38901125
2025-05-17 19:00:00+00:00,34.95429829545455
2025-05-17 20:00:00+00:00,34.39192857954546
2025-05-17 21:00:00+00:00,33.97773796992481
2025-05-17 22:00:00+00:00,33.822094393939395
2025-05-17 23:00:00+00:00,33.630201517241375
2025-05-18 00:00:00+00:00,33.64620092857143
2025-05-18 01:00:00+00:00,34.22030895104895
2025-05-18 02:00:00+00:00,35.335420507246376
2025-05-18 03:00:00+00:00,36.27194452380952
2025-05-18 04:00:00+00:00,37.04083314285714
2025-05-18 05:00:00+00:00,37.98497864864865
2025-05-18 06:00:00+00:00,38.92652190082645
2025-05-18 07:00:00+00:00,39.87085
2025-05-18 08:00:00+00:00,40.133225229885056
2025-05-18 09:00:00+00:00,40.15827
2025-05-18 10:00:00+00:00,39.79861465116279
2025-05-18 11:00:00+00:00,38.30302503030303
2025-05-18 12:00:00+00:00,37.499416845238095
2025-05-18 13:00:00+00:00,36.525404107142855
2025-05-18 14:00:00+00:00,35.90299410714286
2025-05-18 15:00:00+00:00,35.627763431952665
2025-05-18 16:00:00+00:00,35.1972338150289
2025-05-18 17:00:00+00:00,35.07531481012658
2025-05-18 18:00:00+00:00,34.93721347560976
2025-05-18 19:00:00+00:00,34.551508994082845
2025-05-18 20:00:00+00:00,34.37754813664596
2025-05-18 21:00:00+00:00,34.08086351515151
2025-05-18 22:00:00+00:00,33.91761797619048
2025-05-18 23:00:00+00:00,33.72453074829932
2025-05-19 00:00:00+00:00,33.91753326315789
2025-05-19 01:00:00+00:00,34.55808086956522
2025-05-19 02:00:00+00:00,35.033005128205126
2025-05-19 03:00:00+00:00,35.92924230263158
2025-05-19 04:00:00+00:00,36.60920714285714
2025-05-19 05:00:00+00:00,37.66783290322581
2025-05-19 06:00:00+00:00,38.86680244047619
2025-05-19 07:00:00+00:00,39.22895248447205
2025-05-19 08:00:00+00:00,39.58937948717949
2025-05-19 09:00:00+00:00,39.67258114285714
2025-05-19 10:00:00+00:00,39.43687919463088
2025-05-19 11:00:00+00:00,38.73533519379845
2025-05-19 12:00:00+00:00,38.09326416666666
2025-05-19 13:00:00+00:00,37.56360573170732
2025-05-19 14:00:00+00:00,36.89152891891892
2025-05-19 15:00:00+00:00,36.561477253521126
2025-05-19 16:00:00+00:00,35.97428151724138
2025-05-19 17:00:00+00:00,35.8956675483871
2025-05-19 18:00:00+00:00,35.85257525
2025-05-19 19:00:00+00:00,35.48655475609756
2025-05-19 20:00:00+00:00,35.26761163522013
2025-05-19 21:00:00+00:00,35.1299843670886
2025-05-19 22:00:00+00:00,34.874767125
2025-05-19 23:00:00+00:00,34.349645660377355
2025-05-20 00:00:00+00:00,34.79857532934132
2025-05-20 01:00:00+00:00,35.20343765822785
2025-05-20 02:00:00+00:00,35.508447651515155
2025-05-20 03:00:00+00:00,36.53873382165605
2025-05-20 04:00:00+00:00,37.58347272727273
2025-05-20 05:00:00+00:00,38.49506794520548
2025-05-20 06:00:00+00:00,39.53342680555556
2025-05-20 07:00:00+00:00,39.9877611392405
2025-05-20 08:00:00+00:00,40.02911409356725
2025-05-20 09:00:00+00:00,39.67150866666667
2025-05-20 10:00:00+00:00,39.619312052980135
2025-05-20 11:00:00+00:00,38.96550281879195
2025-05-20 12:00:00+00:00,38.06043801242236
2025-05-20 13:00:00+00:00,37.279697133333336
2025-05-20 14:00:00+00:00,36.2210993902439
2025-05-20 15:00:00+00:00,35.781162763157894
2025-05-20 16:00:00+00:00,35.67779196202532
2025-05-20 17:00:00+00:00,35.26389185628743
2025-05-20 18:00:00+00:00,35.48326921568628
2025-05-20 19:00:00+00:00,35.50868902097903
2025-05-20 20:00:00+00:00,35.061486194029854
2025-05-20 21:00:00+00:00,35.16081231213873
2025-05-20 22:00:00+00:00,35.025489748427674
2025-05-20 23:00:00+00:00,34.332090136054425
2025-05-21 00:00:00+00:00,34.12470088050314
2025-05-21 01:00:00+00:00,34.18076784810126
2025-05-21 02:00:00+00:00,34.64536966666667
2025-05-21 03:00:00+00:00,35.57585563291139
2025-05-21 04:00:00+00:00,36.38496175438596
2025-05-21 05:00:00+00:00,37.3405055033557
2025-05-21 06:00:00+00:00,37.93939878787879
2025-05-21 07:00:00+00:00,35.274861
2025-05-21 08:00:00+00:00,32.62488688888889
2025-05-21 09:00:00+00:00,32.25558283185841
2025-05-21 10:00:00+00:00,32.16168900826446
2025-05-21 11:00:00+00:00,32.35859762962963
2025-05-21 12:00:00+00:00,32.27621535714285
2025-05-21 18:00:00+00:00,31.25872623529412
2025-05-21 19:00:00+00:00,31.27292676767677
2025-05-21 20:00:00+00:00,30.81306
2025-05-22 05:00:00+00:00,33.8595485
2025-05-22 06:00:00+00:00,35.00311714285714
2025-05-22 07:00:00+00:00,35.85391971428571
2025-05-22 08:00:00+00:00,35.87257104166667
2025-05-22 09:00:00+00:00,36.262595135135136
2025-05-22 10:00:00+00:00,36.38036133333333
2025-05-22 11:00:00+00:00,36.04997368421053
2025-05-22 12:00:00+00:00,35.31550453488372
2025-05-22 13:00:00+00:00,34.91543875
2025-05-22 14:00:00+00:00,34.22639789473684
2025-05-22 15:00:00+00:00,34.12025609375
2025-05-22 16:00:00+00:00,33.91130987804878
2025-05-22 17:00:00+00:00,33.43379878787879
2025-05-22 18:00:00+00:00,32.90613347826087
2025-05-22 19:00:00+00:00,32.565527196261684
2025-05-22 20:00:00+00:00,32.35564603053435
2025-05-22 21:00:00+00:00,32.062126907216495
2025-05-22 22:00:00+00:00,31.792862792792796
2025-05-22 23:00:00+00:00,31.69266068181818
2025-05-23 00:00:00+00:00,31.86773072289157
2025-05-23 01:00:00+00:00,32.196082477876104
2025-05-23 02:00:00+00:00,33.132678194444445
2025-05-23 03:00:00+00:00,33.65982872340426
2025-05-23 04:00:00+00:00,34.791525106382984
2025-05-23 05:00:00+00:00,35.26411033333333
2025-05-23 06:00:00+00:00,36.150731666666665
2025-05-23 07:00:00+00:00,36.52388912280702
2025-05-23 08:00:00+00:00,36.85863944444444
2025-05-23 09:00:00+00:00,36.20036037037037
2025-05-23 10:00:00+00:00,36.338709375
2025-05-23 11:00:00+00:00,35.87377609756098
2025-05-23 12:00:00+00:00,35.6843568
2025-05-23 13:00:00+00:00,34.99448930232558
2025-05-23 14:00:00+00:00,34.95391
2025-05-23 15:00:00+00:00,34.16059672131148
2025-05-23 16:00:00+00:00,33.74555746268657
2025-05-23 17:00:00+00:00,33.4974526984127
2025-05-23 18:00:00+00:00,32.91376363636363
2025-05-23 19:00:00+00:00,32.867013535353536
2025-05-23 20:00:00+00:00,32.631073275862065
2025-05-23 21:00:00+00:00,32.76742421875
2025-05-23 22:00:00+00:00,32.451624134615386
2025-05-23 23:00:00+00:00,32.16829616666667
2025-05-24 00:00:00+00:00,32.15647382978724
2025-05-24 01:00:00+00:00,32.28209876923077
2025-05-24 02:00:00+00:00,33.041170625
2025-05-24 03:00:00+00:00,33.466182058823534
2025-05-24 04:00:00+00:00,34.090029333333334
2025-05-24 05:00:00+00:00,34.510769545454544
2025-05-24 06:00:00+00:00,35.26366307692307
2025-05-24 07:00:00+00:00,35.909231044776114
2025-05-24 08:00:00+00:00,35.74098571428571
2025-05-24 09:00:00+00:00,34.313717777777775
2025-05-24 10:00:00+00:00,34.859875238095235
2025-05-24 11:00:00+00:00,35.20168
2025-05-24 12:00:00+00:00,31.890493789473688
2025-05-24 13:00:00+00:00,31.26466267857143
2025-05-24 14:00:00+00:00,31.131063333333334
2025-05-24 21:00:00+00:00,31.04337227777777
2025-05-24 22:00:00+00:00,30.833552444444443
2025-05-24 23:00:00+00:00,30.647960055555554
2025-05-25 00:00:00+00:00,30.636890059523807
2025-05-25 01:00:00+00:00,31.54646704545455
2025-05-25 02:00:00+00:00,32.46425633333333
2025-05-25 03:00:00+00:00,33.21996822222222
2025-05-25 04:00:00+00:00,33.95440549668874
2025-05-25 05:00:00+00:00,33.989434777777774
2025-05-25 06:00:00+00:00,34.03324827777778
2025-05-25 07:00:00+00:00,34.99622479532164
2025-05-25 08:00:00+00:00,34.91778083333333
2025-05-25 09:00:00+00:00,34.6420341011236
2025-05-25 10:00:00+00:00,35.17537138888889
2025-05-25 11:00:00+00:00,34.44074502793296
2025-05-25 12:00:00+00:00,33.25536761111111
2025-05-25 13:00:00+00:00,32.62825843575419
2025-05-25 14:00:00+00:00,32.20236011111111
2025-05-25 15:00:00+00:00,31.85028938888889
2025-05-25 16:00:00+00:00,31.521578666666663
2025-05-25 17:00:00+00:00,31.555345195530727
2025-05-25 18:00:00+00:00,31.51985533707865
2025-05-25 19:00:00+00:00,31.695745277777775
2025-05-25 20:00:00+00:00,31.185792944444444
2025-05-25 21:00:00+00:00,30.654811396648043
2025-05-25 22:00:00+00:00,30.66674344444445
2025-05-25 23:00:00+00:00,30.773449944444444
2025-05-26 00:00:00+00:00,30.726453257142857
2025-05-26 01:00:00+00:00,30.96236469273743
2025-05-26 02:00:00+00:00,31.575974207317078
2025-05-26 03:00:00+00:00,32.837419298245614
2025-05-26 04:00:00+00:00,33.471874117647054
2025-05-26 05:00:00+00:00,33.23176650485437
2025-05-26 06:00:00+00:00,33.475425151515154
2025-05-26 07:00:00+00:00,33.76311186915888
2025-05-26 08:00:00+00:00,34.32375816326531
2025-05-26 09:00:00+00:00,33.98550974683544
2025-05-26 10:00:00+00:00,32.79455607843137
2025-05-26 11:00:00+00:00,32.11021897435897
2025-05-27 08:00:00+00:00,36.20791848484848
2025-05-27 09:00:00+00:00,36.453321333333335
2025-05-27 10:00:00+00:00,35.33331571428572
2025-05-27 11:00:00+00:00,34.945962234636866
2025-05-27 12:00:00+00:00,34.271793942857144
2025-05-27 13:00:00+00:00,33.32384144444445
2025-05-27 14:00:00+00:00,32.56372094017094
2025-05-28 03:00:00+00:00,32.32782538461539
2025-05-28 04:00:00+00:00,32.68281666666667
2025-05-30 08:00:00+00:00,37.01928345454546
2025-05-30 09:00:00+00:00,37.19627438356165
2025-05-30 10:00:00+00:00,37.03981922077922
2025-05-30 11:00:00+00:00,36.40090874015748
2025-05-30 12:00:00+00:00,35.82161411042945
2025-05-30 13:00:00+00:00,35.355796335403724
2025-05-30 14:00:00+00:00,34.975814516129034
2025-05-30 15:00:00+00:00,34.57202735294118
2025-05-30 16:00:00+00:00,34.09958649350649
2025-05-30 17:00:00+00:00,33.91332236111111
2025-05-30 18:00:00+00:00,33.81576136986301
2025-05-30 19:00:00+00:00,33.440820720000005
2025-05-30 20:00:00+00:00,32.94504812080537
2025-05-30 21:00:00+00:00,32.41483570588235
2025-05-30 22:00:00+00:00,32.06257741573034
2025-05-30 23:00:00+00:00,31.805165317460315
2025-05-31 00:00:00+00:00,31.797508167938933
2025-05-31 01:00:00+00:00,32.07868115853658
2025-05-31 02:00:00+00:00,32.913246875
2025-05-31 03:00:00+00:00,34.2755106504065
2025-05-31 04:00:00+00:00,35.29350164835165
2025-05-31 05:00:00+00:00,36.853768
2025-05-31 06:00:00+00:00,37.98843111111111
2025-05-31 07:00:00+00:00,38.90636680272109
2025-05-31 08:00:00+00:00,39.438081200000006
2025-05-31 09:00:00+00:00,39.58078370967742
2025-05-31 10:00:00+00:00,39.40989652173913
2025-05-31 11:00:00+00:00,38.85013335294118
2025-05-31 12:00:00+00:00,37.98424691860465
2025-05-31 13:00:00+00:00,37.31272329341318
2025-05-31 14:00:00+00:00,36.90927481927711
2025-05-31 15:00:00+00:00,36.51387685714286
2025-05-31 16:00:00+00:00,36.13877473372781
2025-05-31 17:00:00+00:00,35.64643006329114
2025-05-31 18:00:00+00:00,35.472958863636364
2025-05-31 19:00:00+00:00,34.51622344444444
2025-05-31 20:00:00+00:00,34.01161355555556
2025-05-31 21:00:00+00:00,33.783178
2025-05-31 22:00:00+00:00,33.37978705555555
2025-05-31 23:00:00+00:00,32.366866573033704
2025-06-01 00:00:00+00:00,30.89925544444444
2025-06-01 01:00:00+00:00,31.269528166666667
2025-06-01 02:00:00+00:00,32.3093921192053
2025-06-01 19:00:00+00:00,33.90401083333333
2025-06-01 20:00:00+00:00,33.41982430167598
2025-06-01 21:00:00+00:00,33.10035933333334
2025-06-01 22:00:00+00:00,32.759181
2025-06-01 23:00:00+00:00,32.31793827777778
2025-06-02 00:00:00+00:00,32.29719106508876
2025-06-02 01:00:00+00:00,32.699573928571425
2025-06-02 02:00:00+00:00,34.31695355932204
2025-06-02 03:00:00+00:00,35.6566962
2025-06-02 04:00:00+00:00,36.34711374045801
2025-06-02 05:00:00+00:00,36.74714697478992
2025-06-02 06:00:00+00:00,36.88855045454545
2025-06-02 07:00:00+00:00,36.62291292682927
2025-06-02 08:00:00+00:00,36.79115894039735
2025-06-02 09:00:00+00:00,37.140979025974026
2025-06-02 10:00:00+00:00,34.96132797385621
2025-06-02 11:00:00+00:00,34.89728084848485
2025-06-02 12:00:00+00:00,34.837372800000004
2025-06-02 13:00:00+00:00,33.95374805714286
2025-06-02 14:00:00+00:00,33.953095612903226
2025-06-02 15:00:00+00:00,33.92067411764706
2025-06-02 16:00:00+00:00,33.753199146341466
2025-06-02 17:00:00+00:00,33.35033076470588
2025-06-02 18:00:00+00:00,33.35072079268293
2025-06-02 19:00:00+00:00,32.96243707317073
2025-06-02 20:00:00+00:00,32.61346643678161
2025-06-02 21:00:00+00:00,32.50100975308642
2025-06-02 22:00:00+00:00,32.32044576470588
2025-06-02 23:00:00+00:00,32.15021977142857
2025-06-03 00:00:00+00:00,32.37535465408805
2025-06-03 01:00:00+00:00,32.70787734104046
2025-06-03 02:00:00+00:00,33.519955028571424
2025-06-03 03:00:00+00:00,34.958064794520546
2025-06-03 04:00:00+00:00,35.917864296875
2025-06-03 05:00:00+00:00,37.0859147260274
2025-06-03 06:00:00+00:00,38.1772234057971
2025-06-03 07:00:00+00:00,38.13243318471338
2025-06-03 08:00:00+00:00,37.96056593939394
2025-06-03 09:00:00+00:00,38.72934369863014
2025-06-03 10:00:00+00:00,38.67207195121952
2025-06-03 11:00:00+00:00,37.98159549668874
2025-06-03 12:00:00+00:00,37.37407264367816
2025-06-03 13:00:00+00:00,36.65471804878049
2025-06-03 14:00:00+00:00,36.37615296774194
2025-06-03 15:00:00+00:00,36.015621863354035
2025-06-03 16:00:00+00:00,35.59117139664804
2025-06-03 17:00:00+00:00,35.06263944134078
2025-06-03 18:00:00+00:00,34.79150786516854
2025-06-03 19:00:00+00:00,34.527384245810055
2025-06-03 20:00:00+00:00,34.15189105555556
2025-06-03 21:00:00+00:00,33.976039166666666
2025-06-03 22:00:00+00:00,33.63178363128492
2025-06-03 23:00:00+00:00,32.92508466666666
2025-06-04 00:00:00+00:00,32.942755786516855
2025-06-04 01:00:00+00:00,33.48339639751553
2025-06-04 02:00:00+00:00,34.741227719298244
2025-06-04 03:00:00+00:00,36.219143385826776
2025-06-04 04:00:00+00:00,37.39239440677966
2025-06-04 05:00:00+00:00,38.64529078571429
2025-06-04 06:00:00+00:00,39.5971882
2025-06-04 07:00:00+00:00,40.24789173652695
2025-06-04 08:00:00+00:00,40.72512423529412
2025-06-04 09:00:00+00:00,40.70569754385965
2025-06-04 10:00:00+00:00,39.70437028735632
2025-06-04 11:00:00+00:00,38.9129696
2025-06-04 12:00:00+00:00,37.971695898876405
2025-06-04 13:00:00+00:00,37.55843604519774
2025-06-04 14:00:00+00:00,36.93195849162011
2025-06-04 15:00:00+00:00,35.417224222222224
2025-06-04 16:00:00+00:00,35.1647574301676
2025-06-04 17:00:00+00:00,34.69171972067039
2025-06-04 18:00:00+00:00,33.6765058045977
2025-06-04 19:00:00+00:00,33.38541277777778
2025-06-04 20:00:00+00:00,33.738026
2025-06-04 21:00:00+00:00,33.48528011111111
2025-06-04 22:00:00+00:00,33.12755366666667
2025-06-04 23:00:00+00:00,32.64587096045198
2025-06-05 00:00:00+00:00,32.502442555555554
2025-06-05 01:00:00+00:00,33.000096536312846
2025-06-05 02:00:00+00:00,34.05253265060241
2025-06-05 03:00:00+00:00,35.30477590361446
2025-06-05 04:00:00+00:00,36.19645407185629
2025-06-05 05:00:00+00:00,36.48518625
2025-06-05 06:00:00+00:00,37.76594693877551
2025-06-05 07:00:00+00:00,38.27150865921788
2025-06-05 08:00:00+00:00,38.50749604519774
2025-06-05 09:00:00+00:00,38.86513868263473
2025-06-05 10:00:00+00:00,38.76960630681818
2025-06-05 11:00:00+00:00,38.20137863636364
2025-06-05 12:00:00+00:00,37.50113304093568
2025-06-05 13:00:00+00:00,36.63193224719101
2025-06-05 14:00:00+00:00,35.76320720930232
2025-06-05 15:00:00+00:00,35.11401759776537
2025-06-05 16:00:00+00:00,34.90880535294117
2025-06-05 17:00:00+00:00,34.879578333333335
2025-06-05 18:00:00+00:00,34.63843333333333
2025-06-05 19:00:00+00:00,34.41214718390805
2025-06-05 20:00:00+00:00,34.038946
2025-06-05 21:00:00+00:00,33.8862175
2025-06-05 22:00:00+00:00,33.34302418994413
2025-06-05 23:00:00+00:00,32.97563201117318
2025-06-06 00:00:00+00:00,33.45677213483146
2025-06-06 01:00:00+00:00,34.511636
2025-06-06 02:00:00+00:00,35.82466363095238
2025-06-06 03:00:00+00:00,36.89512297297297
2025-06-09 07:00:00+00:00,35.58199428571429
2025-06-09 08:00:00+00:00,35.47023930232558
2025-06-09 09:00:00+00:00,35.39043587570622
2025-06-09 10:00:00+00:00,35.21537691860465
2025-06-09 11:00:00+00:00,34.84041244318182
2025-06-09 12:00:00+00:00,34.714446759776536
2025-06-09 13:00:00+00:00,34.50484715909091
2025-06-09 14:00:00+00:00,34.454522386363635
2025-06-09 15:00:00+00:00,34.371105722222225
2025-06-09 16:00:00+00:00,34.18294621468927
2025-06-09 17:00:00+00:00,33.261992681564244
2025-06-09 18:00:00+00:00,32.55662572222222
2025-06-09 19:00:00+00:00,32.49853100558659
2025-06-09 20:00:00+00:00,32.46985872222222
2025-06-09 21:00:00+00:00,32.34784355555556
2025-06-09 22:00:00+00:00,32.04915866666667
2025-06-09 23:00:00+00:00,31.875127374301677
2025-06-10 00:00:00+00:00,31.972959497206705
2025-06-10 01:00:00+00:00,32.411499385474855
2025-06-10 02:00:00+00:00,32.82856436781609
2025-06-10 03:00:00+00:00,34.29976006172839
2025-06-10 04:00:00+00:00,34.90167686390532
2025-06-10 05:00:00+00:00,35.1156816374269
2025-06-10 06:00:00+00:00,35.779782857142855
2025-06-10 07:00:00+00:00,35.105924606741574
2025-06-10 08:00:00+00:00,34.75174931818182
2025-06-10 09:00:00+00:00,34.611441704545456
2025-06-10 10:00:00+00:00,34.56334744318182
2025-06-10 11:00:00+00:00,34.368323089887646
2025-06-10 12:00:00+00:00,33.988617166666664
2025-06-10 13:00:00+00:00,33.75018251396648
2025-06-10 14:00:00+00:00,33.53909139664805
2025-06-10 15:00:00+00:00,33.176218659217874
2025-06-10 16:00:00+00:00,32.79776261111111
2025-06-10 17:00:00+00:00,32.53503737430167
2025-06-10 18:00:00+00:00,32.50930536312849
2025-06-10 19:00:00+00:00,32.67790748603352
2025-06-10 20:00:00+00:00,32.70855877094972
2025-06-10 21:00:00+00:00,32.52980466666667
2025-06-10 22:00:00+00:00,31.94244653631285
2025-06-10 23:00:00+00:00,31.724575505617977
2025-06-11 00:00:00+00:00,31.610683258426967
2025-06-11 01:00:00+00:00,31.940306534090908
2025-06-11 02:00:00+00:00,32.531931542857144
2025-06-11 03:00:00+00:00,33.16622830065359
2025-06-11 04:00:00+00:00,33.44856296969697
2025-06-11 05:00:00+00:00,35.11011461988304
2025-06-11 06:00:00+00:00,36.48899908496732
2025-06-11 07:00:00+00:00,36.480668901734106
2025-06-11 08:00:00+00:00,36.46181304597702
2025-06-11 09:00:00+00:00,36.32722074712644
2025-06-11 10:00:00+00:00,36.25612047619048
2025-06-11 11:00:00+00:00,35.97130497206704
2025-06-11 12:00:00+00:00,35.54884402234637
2025-06-11 13:00:00+00:00,35.31345067039106
2025-06-11 14:00:00+00:00,35.111265418994414
2025-06-11 15:00:00+00:00,34.991797670454545
2025-06-11 16:00:00+00:00,34.92450516666667
2025-06-11 17:00:00+00:00,34.72493361581921
2025-06-11 18:00:00+00:00,34.384575777777776
2025-06-11 19:00:00+00:00,33.51673522222222
2025-06-11 20:00:00+00:00,31.954375222222225
2025-06-11 21:00:00+00:00,31.51166483333333
2025-06-11 22:00:00+00:00,31.727064
2025-06-11 23:00:00+00:00,31.70864027777778
2025-06-12 00:00:00+00:00,31.437808547486032
2025-06-12 01:00:00+00:00,31.529494245810056
2025-06-12 02:00:00+00:00,32.226845511363635
2025-06-12 03:00:00+00:00,33.52399817647059
2025-06-12 04:00:00+00:00,34.46671371257485
2025-06-12 05:00:00+00:00,34.63888125
2025-06-12 06:00:00+00:00,34.7229883625731
2025-06-12 07:00:00+00:00,35.562496787878786
2025-06-12 08:00:00+00:00,36.01874363636364
2025-06-12 09:00:00+00:00,35.61926293413173
2025-06-12 10:00:00+00:00,34.50668390804597
2025-06-12 11:00:00+00:00,33.95000983240224
2025-06-12 12:00:00+00:00,33.68600156069364
2025-06-12 13:00:00+00:00,33.424686424581004
2025-06-12 14:00:00+00:00,33.348193333333334
2025-06-12 15:00:00+00:00,33.2133402247191
2025-06-12 16:00:00+00:00,32.345285112359555
2025-06-12 17:00:00+00:00,31.88322272222222
2025-06-12 18:00:00+00:00,31.91044683615819
2025-06-12 19:00:00+00:00,31.932853833333336
2025-06-12 20:00:00+00:00,32.15426929936306
2025-06-12 21:00:00+00:00,31.83738229050279
2025-06-12 22:00:00+00:00,31.38133531914893
2025-06-13 04:00:00+00:00,34.82459074712644
2025-06-13 05:00:00+00:00,35.772678148148145
2025-06-13 06:00:00+00:00,35.9380445323741
2025-06-13 07:00:00+00:00,35.405760337078654
2025-06-13 08:00:00+00:00,36.21837016853932
2025-06-13 09:00:00+00:00,36.15692831395349
2025-06-13 10:00:00+00:00,35.62801275862069
2025-06-13 11:00:00+00:00,35.50435136094674
2025-06-13 12:00:00+00:00,34.93414772222222
2025-06-13 13:00:00+00:00,33.79617620111732
2025-06-13 14:00:00+00:00,32.67488461538462
2025-06-13 15:00:00+00:00,32.720259189189186
2025-06-14 00:00:00+00:00,31.921676526946104
2025-06-14 01:00:00+00:00,32.292918562874256
2025-06-14 02:00:00+00:00,32.436417288135594
2025-06-14 03:00:00+00:00,32.989520514285715
2025-06-14 04:00:00+00:00,33.3754309770115
2025-06-14 05:00:00+00:00,33.8234425443787
2025-06-14 06:00:00+00:00,34.17068022857143
2025-06-14 07:00:00+00:00,34.52167647398844
2025-06-14 08:00:00+00:00,34.8687364
2025-06-14 09:00:00+00:00,35.45867248554913
2025-06-14 10:00:00+00:00,35.946494685714285
2025-06-14 11:00:00+00:00,35.34871438202247
2025-06-14 12:00:00+00:00,34.613204375
2025-06-14 13:00:00+00:00,32.36979915887851
2025-06-14 14:00:00+00:00,31.73487715909091
2025-06-14 15:00:00+00:00,31.352128
2025-06-14 16:00:00+00:00,31.157673655913975
2025-06-15 09:00:00+00:00,35.29394441340782
2025-06-15 10:00:00+00:00,35.47950655555555
2025-06-15 11:00:00+00:00,35.174715690607734
2025-06-15 12:00:00+00:00,34.673162670454545
2025-06-15 13:00:00+00:00,33.678821117318435
2025-06-15 14:00:00+00:00,32.67746611111112
2025-06-15 15:00:00+00:00,32.169527333333335
2025-06-15 16:00:00+00:00,31.57913601626016
2025-06-15 17:00:00+00:00,31.56804
2025-06-15 18:00:00+00:00,30.674934666666665
2025-06-15 19:00:00+00:00,30.92780548387097
2025-06-15 20:00:00+00:00,30.522345
2025-06-15 21:00:00+00:00,30.19589444444445
2025-06-15 22:00:00+00:00,30.173759
2025-06-15 23:00:00+00:00,30.274675
2025-06-16 00:00:00+00:00,30.37266625
2025-06-16 01:00:00+00:00,31.0590275
2025-06-16 02:00:00+00:00,31.91191166666667
2025-06-16 03:00:00+00:00,32.76258375
2025-06-16 04:00:00+00:00,32.890060909090906
2025-06-16 05:00:00+00:00,33.268081111111115
2025-06-16 06:00:00+00:00,33.4025412
2025-06-16 07:00:00+00:00,34.299945
2025-06-16 08:00:00+00:00,34.96005625
2025-06-16 09:00:00+00:00,35.05238071428572
2025-06-16 10:00:00+00:00,35.29098983606557
2025-06-16 11:00:00+00:00,34.08576432432432
2025-06-16 12:00:00+00:00,31.81127181818182
2025-06-16 13:00:00+00:00,31.797892307692305
2025-06-16 14:00:00+00:00,31.872591666666665
2025-06-17 12:00:00+00:00,36.92168289772727
2025-06-17 13:00:00+00:00,36.2696828
2025-06-17 14:00:00+00:00,35.7915825
2025-06-17 15:00:00+00:00,35.546019
2025-06-17 16:00:00+00:00,35.31590575418994
2025-06-17 17:00:00+00:00,34.806869444444445
2025-06-17 18:00:00+00:00,34.22374438888889
2025-06-17 19:00:00+00:00,33.80466072222222
2025-06-17 20:00:00+00:00,33.299860555555554
2025-06-17 21:00:00+00:00,32.820089833333334
2025-06-17 22:00:00+00:00,32.47782759776536
2025-06-17 23:00:00+00:00,32.371528764044946
2025-06-18 00:00:00+00:00,32.372597808988765
2025-06-18 01:00:00+00:00,32.988191452513966
2025-06-18 02:00:00+00:00,33.9600867114094
2025-06-18 03:00:00+00:00,34.7542105
2025-06-18 04:00:00+00:00,35.379315
2025-06-18 05:00:00+00:00,36.771698
2025-06-18 06:00:00+00:00,37.07465050632912
2025-06-18 07:00:00+00:00,37.598798
2025-06-18 08:00:00+00:00,38.090452696629214
2025-06-18 09:00:00+00:00,38.14833403409091
2025-06-18 10:00:00+00:00,38.031290875
2025-06-18 11:00:00+00:00,38.03998577639752
2025-06-18 12:00:00+00:00,37.37263402234637
2025-06-18 13:00:00+00:00,36.91669602272727
2025-06-18 14:00:00+00:00,36.451912166666666
2025-06-18 15:00:00+00:00,35.9637485
2025-06-18 16:00:00+00:00,35.59720541899441
2025-06-18 17:00:00+00:00,35.232941581920905
2025-06-18 18:00:00+00:00,34.82403052023121
2025-06-18 19:00:00+00:00,34.09000916666667
2025-06-18 20:00:00+00:00,33.60807758426966
2025-06-18 21:00:00+00:00,33.049222415730334
2025-06-18 22:00:00+00:00,32.58255213483146
2025-06-18 23:00:00+00:00,32.452796
2025-06-19 00:00:00+00:00,32.522151511627904
2025-06-19 01:00:00+00:00,32.942404357541896
2025-06-19 02:00:00+00:00,33.80593522012578
2025-06-19 03:00:00+00:00,34.25362558441558
2025-06-19 04:00:00+00:00,34.834490869565215
2025-06-19 05:00:00+00:00,35.345628818181815
2025-06-19 06:00:00+00:00,35.54668019230769
2025-06-19 07:00:00+00:00,36.30269774390244
2025-06-19 08:00:00+00:00,36.67675685534592
2025-06-19 09:00:00+00:00,37.17832401960784
2025-06-19 10:00:00+00:00,37.31495842767296
2025-06-19 11:00:00+00:00,37.31429755555556
2025-06-19 12:00:00+00:00,36.79905368715084
2025-06-19 13:00:00+00:00,36.43231272727273
2025-06-19 14:00:00+00:00,35.88342680555556
2025-06-19 15:00:00+00:00,34.56826857142857
2025-06-19 16:00:00+00:00,34.2077455
2025-06-19 17:00:00+00:00,34.05321372881356
2025-06-19 18:00:00+00:00,33.5614015
2025-06-19 19:00:00+00:00,33.45854782051282
2025-06-19 20:00:00+00:00,33.0987955882353
2025-06-19 21:00:00+00:00,32.907639090909086
2025-06-19 22:00:00+00:00,32.515208333333334
2025-06-19 23:00:00+00:00,31.325137941176468
2025-06-20 00:00:00+00:00,30.601053108108108
2025-06-20 01:00:00+00:00,30.57466294117647
2025-06-20 02:00:00+00:00,30.739352
2025-07-02 04:00:00+00:00,32.60368949152542
2025-07-02 05:00:00+00:00,32.47086203703704
2025-07-02 06:00:00+00:00,32.44921603550296
2025-07-02 07:00:00+00:00,32.61832305882353
2025-07-02 08:00:00+00:00,32.36492907514451
2025-07-02 09:00:00+00:00,32.22933494117647
2025-07-02 10:00:00+00:00,32.387747142857144
2025-07-02 11:00:00+00:00,32.4203540625
2025-07-02 12:00:00+00:00,32.23907082840237
2025-07-02 13:00:00+00:00,32.07999466666667
2025-07-02 14:00:00+00:00,31.94048655629139
2025-07-02 15:00:00+00:00,31.84608125714286
2025-07-02 16:00:00+00:00,31.518685731707315
2025-07-02 17:00:00+00:00,31.36290533707865
2025-07-02 18:00:00+00:00,31.323282555555554
2025-07-02 19:00:00+00:00,31.271954
2025-07-02 20:00:00+00:00,31.16033449438202
2025-07-02 21:00:00+00:00,31.09089318435754
2025-07-02 22:00:00+00:00,31.07528982758621
2025-07-02 23:00:00+00:00,30.91695814814815
2025-07-03 00:00:00+00:00,31.001424417177915
2025-07-03 01:00:00+00:00,31.3374909202454
2025-07-03 02:00:00+00:00,31.55042244318182
2025-07-03 03:00:00+00:00,32.18436657142857
2025-07-03 04:00:00+00:00,32.66777531791907
2025-07-03 05:00:00+00:00,33.72641641891892
2025-07-03 06:00:00+00:00,34.74361659722222
2025-07-03 07:00:00+00:00,34.47395951388889
2025-07-03 08:00:00+00:00,35.09529836601307
2025-07-03 09:00:00+00:00,35.46076556962025
2025-07-03 10:00:00+00:00,35.16480034246575
2025-07-03 11:00:00+00:00,34.659172075471695
2025-07-03 12:00:00+00:00,34.31068778409091
2025-07-03 13:00:00+00:00,34.07426295180723
2025-07-03 14:00:00+00:00,33.51189551282052
2025-07-03 15:00:00+00:00,33.24761129411765
2025-07-03 16:00:00+00:00,32.9711652
2025-07-03 17:00:00+00:00,32.74161938888889
2025-07-03 18:00:00+00:00,32.40569138888889
2025-07-03 19:00:00+00:00,32.20750327586207
2025-07-03 20:00:00+00:00,32.02011136363637
2025-07-03 21:00:00+00:00,31.79600622222222
2025-07-03 22:00:00+00:00,31.57449424581005
2025-07-03 23:00:00+00:00,31.528589277777776
2025-07-04 00:00:00+00:00,31.61986567741935
2025-07-04 01:00:00+00:00,31.954101736526948
2025-07-04 02:00:00+00:00,32.49891770114942
2025-07-04 03:00:00+00:00,33.640059075144514
2025-07-04 04:00:00+00:00,34.032381625
2025-07-04 05:00:00+00:00,34.93731347826087
2025-07-04 06:00:00+00:00,36.231884402515725
2025-07-04 07:00:00+00:00,36.49623487804878
2025-07-04 08:00:00+00:00,36.27440308571429
2025-07-04 09:00:00+00:00,36.716700114942526
2025-07-04 10:00:00+00:00,36.79947052325581
2025-07-04 11:00:00+00:00,36.34649849162011
2025-07-04 12:00:00+00:00,35.906578764044944
2025-07-04 13:00:00+00:00,34.765696473988434
2025-07-04 14:00:00+00:00,33.626855625
2025-07-04 15:00:00+00:00,33.44638776536313
2025-07-04 16:00:00+00:00,33.20312810055866
2025-07-04 17:00:00+00:00,33.058587
2025-07-04 18:00:00+00:00,32.85146191011236
2025-07-04 19:00:00+00:00,32.73058922222222
2025-07-04 20:00:00+00:00,32.61338877777778
2025-07-04 21:00:00+00:00,32.58055894444445
2025-07-04 22:00:00+00:00,32.38087223463687
2025-07-04 23:00:00+00:00,32.28462251396648
2025-07-05 00:00:00+00:00,32.23290251396648
2025-07-05 01:00:00+00:00,32.50046079096045
2025-07-05 02:00:00+00:00,33.11542312849162
2025-07-05 03:00:00+00:00,33.92171141242938
2025-07-05 04:00:00+00:00,34.84281443181818
2025-07-05 05:00:00+00:00,35.64786552325581
2025-07-05 06:00:00+00:00,36.481286
2025-07-05 07:00:00+00:00,36.671694310344826
2025-07-05 08:00:00+00:00,36.871140625
2025-07-05 09:00:00+00:00,36.54858901162791
2025-07-05 10:00:00+00:00,36.81191846153846
2025-07-05 11:00:00+00:00,34.888970782122904
2025-07-05 12:00:00+00:00,33.54437028248588
2025-07-05 13:00:00+00:00,33.59262162921348
2025-07-05 14:00:00+00:00,33.64615237288135
2025-07-05 15:00:00+00:00,33.53059407821229
2025-07-05 16:00:00+00:00,33.29504275280899
2025-07-05 17:00:00+00:00,32.7518822905028
2025-07-05 18:00:00+00:00,32.4601835
2025-07-05 19:00:00+00:00,32.173626553672314
2025-07-05 20:00:00+00:00,31.86804861111111
2025-07-05 21:00:00+00:00,31.811779722222223
2025-07-05 22:00:00+00:00,31.49002722222222
2025-07-05 23:00:00+00:00,31.45744764044944
2025-07-06 00:00:00+00:00,31.4886956424581
2025-07-06 01:00:00+00:00,31.68486237804878
2025-07-06 02:00:00+00:00,32.084611055555555
2025-07-06 03:00:00+00:00,33.29954768361582
2025-07-06 04:00:00+00:00,34.35718933333333
2025-07-06 05:00:00+00:00,35.07537094972067
2025-07-06 06:00:00+00:00,35.94256105555556
2025-07-06 07:00:00+00:00,36.531166444444445
2025-07-06 08:00:00+00:00,36.56520395480226
2025-07-06 09:00:00+00:00,36.82558273743017
2025-07-06 10:00:00+00:00,36.935850111731845
2025-07-06 11:00:00+00:00,36.6573685
2025-07-06 12:00:00+00:00,36.27862558659218
2025-07-06 13:00:00+00:00,36.03312191616767
2025-07-06 14:00:00+00:00,35.348502977528085
2025-07-06 15:00:00+00:00,34.77185106145251
2025-07-06 16:00:00+00:00,34.37790157303371
2025-07-06 17:00:00+00:00,34.01611279329609
2025-07-06 18:00:00+00:00,33.885040395480225
2025-07-06 19:00:00+00:00,33.48533311111111
2025-07-06 20:00:00+00:00,33.13222461111111
2025-07-06 21:00:00+00:00,32.84326516666667
2025-07-06 22:00:00+00:00,32.680674777777774
2025-07-06 23:00:00+00:00,32.346206055555555
2025-07-07 00:00:00+00:00,31.995383166666667
2025-07-07 01:00:00+00:00,32.3596556741573
2025-07-07 02:00:00+00:00,32.709301676300576
2025-07-07 03:00:00+00:00,33.12527670658683
2025-07-07 04:00:00+00:00,33.49895168539326
2025-07-07 05:00:00+00:00,34.92898261904762
2025-07-07 06:00:00+00:00,35.80606925465838
2025-07-07 07:00:00+00:00,36.035414022988505
2025-07-07 08:00:00+00:00,35.815046888888894
2025-07-07 09:00:00+00:00,35.656691098265895
2025-07-07 10:00:00+00:00,35.81271549132948
2025-07-07 11:00:00+00:00,35.66421813559322
2025-07-07 12:00:00+00:00,35.31107933333333
2025-07-07 13:00:00+00:00,35.13857849162011
2025-07-07 14:00:00+00:00,34.78885977653631
2025-07-07 15:00:00+00:00,34.48378583333333
2025-07-07 16:00:00+00:00,33.9675055
2025-07-07 17:00:00+00:00,33.708107500000004
2025-07-07 18:00:00+00:00,33.4360516
2025-07-07 19:00:00+00:00,32.78957255555555
2025-07-07 20:00:00+00:00,32.36544188888889
2025-07-07 21:00:00+00:00,32.36017472222222
2025-07-07 22:00:00+00:00,32.3123315
2025-07-07 23:00:00+00:00,31.96815055555556
2025-07-08 00:00:00+00:00,32.030523055555555
2025-07-08 01:00:00+00:00,32.39099724719101
2025-07-08 02:00:00+00:00,33.09847083798883
2025-07-08 03:00:00+00:00,33.67476161849711
2025-07-08 04:00:00+00:00,34.731611931818186
2025-07-08 05:00:00+00:00,35.815813444444444
2025-07-08 06:00:00+00:00,36.57926559322034
2025-07-08 07:00:00+00:00,36.87165215909091
2025-07-08 08:00:00+00:00,36.20289714285714
2025-07-08 09:00:00+00:00,34.900924147727274
2025-07-08 10:00:00+00:00,35.129364189944134
2025-07-08 11:00:00+00:00,35.13012491620112
2025-07-08 12:00:00+00:00,34.808760726256985
2025-07-08 13:00:00+00:00,33.65584382022472
2025-07-08 14:00:00+00:00,33.14650924528302
2025-07-08 15:00:00+00:00,32.65002672222222
2025-07-08 16:00:00+00:00,33.1816993125
2025-07-08 17:00:00+00:00,33.134987150837986
2025-07-08 18:00:00+00:00,32.86727788888889
2025-07-08 19:00:00+00:00,32.824719944444446
2025-07-08 20:00:00+00:00,32.56163183333333
2025-07-08 21:00:00+00:00,32.36176883333333
2025-07-08 22:00:00+00:00,32.369260833333335
2025-07-08 23:00:00+00:00,32.209794611111114
2025-07-09 00:00:00+00:00,32.24087852272727
2025-07-09 01:00:00+00:00,32.51990083798883
2025-07-09 02:00:00+00:00,33.22958029069767
2025-07-09 03:00:00+00:00,34.43362784810127
2025-07-09 04:00:00+00:00,35.09191147928994
2025-07-09 05:00:00+00:00,35.812988811188816
2025-07-09 06:00:00+00:00,36.353627375
2025-07-09 07:00:00+00:00,35.60439478787878
2025-07-09 08:00:00+00:00,34.682578048780485
2025-07-09 09:00:00+00:00,35.277917573964494
2025-07-09 10:00:00+00:00,35.037424277777774
2025-07-09 11:00:00+00:00,34.545963895348834
2025-07-09 12:00:00+00:00,34.35826278409091
2025-07-09 13:00:00+00:00,34.2151897740113
2025-07-09 14:00:00+00:00,34.1260875
2025-07-09 15:00:00+00:00,34.09807794444444
2025-07-09 16:00:00+00:00,33.73336588888889
2025-07-09 17:00:00+00:00,33.186976111111115
2025-07-09 18:00:00+00:00,32.74529670391062
2025-07-09 19:00:00+00:00,32.628680227272724
2025-07-09 20:00:00+00:00,32.633253966480446
2025-07-09 21:00:00+00:00,32.31758855555555
2025-07-09 22:00:00+00:00,32.17957611111111
2025-07-09 23:00:00+00:00,31.983340391061454
2025-07-10 00:00:00+00:00,32.05176220338983
2025-07-10 01:00:00+00:00,32.27828191358025
2025-07-10 02:00:00+00:00,33.34395617977528
2025-07-10 03:00:00+00:00,34.3177744
2025-07-10 04:00:00+00:00,34.9669265116279
2025-07-10 05:00:00+00:00,35.174311104294475
2025-07-10 06:00:00+00:00,34.86501707070707
2025-07-10 07:00:00+00:00,36.5325848
2025-07-10 08:00:00+00:00,36.65754767857143
2025-07-10 09:00:00+00:00,36.98348305084746
2025-07-10 10:00:00+00:00,37.1822975
2025-07-10 11:00:00+00:00,36.80631230769231
2025-07-10 12:00:00+00:00,35.897183176470584
2025-07-10 13:00:00+00:00,35.52745217948718
2025-07-10 14:00:00+00:00,34.65692666666666
2025-07-10 15:00:00+00:00,34.56114523076923
2025-07-10 16:00:00+00:00,34.75858449275362
2025-07-10 17:00:00+00:00,34.30707481481481
2025-07-10 18:00:00+00:00,34.05534745762712
2025-07-10 19:00:00+00:00,33.55570942307692
2025-07-10 20:00:00+00:00,33.481133666666665
2025-07-10 21:00:00+00:00,33.37138254237288
2025-07-10 22:00:00+00:00,33.13100225806451
2025-07-10 23:00:00+00:00,32.93324863013699
2025-07-11 00:00:00+00:00,32.98776392405063
2025-07-11 01:00:00+00:00,33.166778817204296
2025-07-11 02:00:00+00:00,34.47760246153846
2025-07-11 03:00:00+00:00,35.51958878571429
2025-07-11 04:00:00+00:00,36.251818039215685
